playlist,track_id,track_name,artist,artist_id,artist_image,album,album_image,popularity,duration_ms,track_name_y,artist_y,album_y,genre,subgenre,danceability,energy,mood,release_year,era,lyrics_theme,instrumentalness,explicit,similaridade
"Top 70, 80 e 90",4YueWSpXjHn8YuW1lUL0U4,Did It All for Love,Phenomena,551BjvPd72WvqLnGCPRgiO,,Dream Runner,https://i.scdn.co/image/ab67616d0000b2733ac90d967a995e2ffe4d1418,0,299133,Did It All for Love,Phenomena,Dream Runner,Hard Rock,Melodic Rock,0.4,0.7000000000000001,Dramatic,1987,1980s,"Love, sacrifice, devotion",0.08,False,0.6146322808416504
Top anos 2000,0M6TRIhQggFpwgaefCfnGH,Hemorrhage (In My Hands),Fuel,0EyuKHE1AeE9lWUF8mzKVp,,Something Like Human,https://i.scdn.co/image/ab67616d0000b2739f6b9ad2c8a013673899ebce,50,236866,Hemorrhage (In My Hands),Fuel,Something Like Human,Post-Grunge,Alternative Rock,0.38,0.65,"Melancholy, emotional, intense",2000,2000s,"Loss, heartbreak, emotional pain, self-sacrifice",0.08,False,0.6108973086899896
Top anos 2000,3UmaczJpikHgJFyBTAJVoz,Stan,Eminem,7dGJo4pcD2V6oG8kP0tJRR,,The Marshall Mathers LP,https://i.scdn.co/image/ab67616d0000b273dbb3dd82da45b7d7f31b1b42,80,404106,Stan,Eminem,The Marshall Mathers LP,Hip Hop,"Horrorcore, Storytelling Rap",0.45,0.68,"Dark, dramatic, tragic",2000,2000s,"Fan obsession, mental health, isolation, tragedy",0.05,True,0.5758987954789065
Top anos 2000,7wzxUErTA9Jw7UdZIeu1bi,Save Me,Hanson,0SdiiPkr02EUdekHZJkt58,,This Time Around,https://i.scdn.co/image/ab67616d0000b27395648a5034c50144d9c8a968,59,222573,Save Me,Hanson,This Time Around,Pop Rock,"Alternative Rock, Power Pop",0.45,0.65,"Emotional, yearning, desperate",2000,2000s,"Seeking help, feeling lost, vulnerability",0.1,False,0.5605529716732303
Top anos 2000,0eKyHwckh9vQb8ncZ2DXCs,With Arms Wide Open,Creed,43sZBwHjahUvgbx1WNIkIz,,Human Clay,https://i.scdn.co/image/ab67616d0000b273f8f048a5f4749c970078a4fb,75,274800,With Arms Wide Open,Creed,Human Clay,Post-Grunge,Alternative Rock,0.35000000000000003,0.55,"Emotional, reflective, hopeful",1999,1990s,"Fatherhood, new life, hope, responsibility",0.08,False,0.5537803057531754
"Top 70, 80 e 90",1Y7VG310Lf5IYP7sVOob4X,It's a Heartache,Bonnie Tyler,0SD4eZCN4Kr0wQk56hCdh2,,Natural Force (Expanded Edition),https://i.scdn.co/image/ab67616d0000b273763dd7f3e5d04ce41c5897a1,68,215160,It's a Heartache,Bonnie Tyler,Natural Force (Expanded Edition),Pop Rock,Country Pop,0.4,0.6000000000000001,Melancholic,1977,1970s,"Heartbreak, unrequited love",0.05,False,0.5499787621964098
Top anos 2010,7GAaTpSoTWUTbP2Yxlt4Hd,Need You Now,Lady A,32WkQRZEVKSzVAAYqukAEA,,Need You Now,https://i.scdn.co/image/ab67616d0000b2735a8b541ca2a563671ff38ddf,74,236440,Need You Now,Lady A,Need You Now,Country,Country Pop,0.30000000000000004,0.5,Melancholic,2009,2000s,"Loneliness, longing for a past lover, reaching out in a moment of weakness",0.08,False,0.5471768131660328
Top anos 2010,49kjlZP49LMD1MrrcvXDET,For the First Time,The Script,3AQRLZ9PuTAozP28Skbq8V,,Science & Faith,https://i.scdn.co/image/ab67616d0000b273ecf57b6803b6f913217bf15c,67,252440,For the First Time,The Script,Science & Faith,Pop,Pop Rock,0.5,0.7000000000000001,Hopeful,2010,2010s,"Economic hardship, relationship struggles, finding hope and connection in love",0.08,False,0.5348305063136554
Top anos 2000,3AJwUDP919kvQ9QcozQPxg,Yellow,Coldplay,4gzpq5DPGxSnKTe4SA8HAU,,Parachutes,https://i.scdn.co/image/ab67616d0000b2739164bafe9aaa168d93f4816a,90,266773,Yellow,Coldplay,Parachutes,Alternative Rock,"Indie Rock, Piano Rock",0.38,0.55,"Romantic, melancholic, heartfelt",2000,2000s,"Devotion, unconditional love, self-sacrifice",0.08,False,0.5332471732703182
Top 50 Mundo,3mhsDyQpX2L8sJMdWUHOi3,This Is Halloween,The Citizens of Halloween,4LazDzEGshEUn9D2zbm6w2,,The Nightmare Before Christmas (Original Motion Picture Soundtrack),https://i.scdn.co/image/ab67616d0000b273ff2684642c23615f628260ba,68,196560,This Is Halloween,The Citizens of Halloween,The Nightmare Before Christmas (Original Motion Picture Soundtrack),Soundtrack,Musical/Dark Cabaret,0.5,0.7000000000000001,"dramatic, eerie",1993,1990s,"Apresentação da cidade, celebração do Halloween",0.15,False,0.5317522358044273
"Top 70, 80 e 90",1mr9ZUNWfCUClBDhYbCErx,If Looks Could Kill,Heart,34jw2BbxjoYalTp8cJFCPv,,Heart,https://i.scdn.co/image/ab67616d0000b273aac099da610b063763c63117,50,220415,If Looks Could Kill,Heart,Heart,Hard Rock,Arena Rock,0.5,0.8,Intense,1985,1980s,"Intense attraction, dangerous love",0.1,False,0.5273203125341089
"Top 70, 80 e 90",2O3l4X1yTua8oMMCtazkyo,The Happiest Days of Our Lives,Pink Floyd,0k17h0D3J5VfsdmQ1iZtE9,,The Wall,https://i.scdn.co/image/ab67616d0000b273cbf8b2cd89b54a021db51e75,60,110826,The Happiest Days of Our Lives,Pink Floyd,The Wall,Progressive Rock,Art Rock,0.30000000000000004,0.7000000000000001,Dark,1979,1970s,"Authoritarianism, abuse, alienation",0.4,False,0.5232351108565582
Top anos 2010,2UWdUez9MB9yzL7Y81Mcip,The Suburbs,Arcade Fire,3kjuyTCjPG1WMFCiyc5IuB,,The Suburbs,https://i.scdn.co/image/ab67616d0000b273532391d63cfd6d32677f7af6,55,315200,The Suburbs,Arcade Fire,The Suburbs,Indie Rock,Art Rock,0.45,0.6000000000000001,nostalgic,2010,2010s,"suburban life, youth, disillusionment, memory",0.05,False,0.503405509349115
"Top 70, 80 e 90",7tydkPAN6EeQxC0gNtGWB2,New Year's Day - Remastered 2008,U2,51Blml2LZPmy7TTiAg47vQ,,War (Deluxe Edition Remastered),https://i.scdn.co/image/ab67616d0000b2732885112d0da4f7ec356c2d61,0,335613,New Year's Day - Remastered 2008,U2,War (Deluxe Edition Remastered),Post-Punk,New Wave,0.5,0.75,hopeful,1983,1980s,"hope, political change, new beginnings",0.2,False,0.4883645857099081
Top anos 2000,7w57O4o0xCTn9YpKuaPZDd,The Great Beyond,R.E.M.,4KWTAlx2RvbpseOGMEmROg,,In Time: The Best Of R.E.M. 1988-2003,https://i.scdn.co/image/ab67616d0000b273519038856cb5329dc27f5916,53,307000,The Great Beyond,R.E.M.,In Time: The Best Of R.E.M. 1988-2003,Alternative Rock,Jangle Pop,0.5,0.7000000000000001,mysterious,1999,1990s,"mystery, existentialism, discovery (soundtrack for Man on the Moon)",0.02,False,0.4873505457457905
"Top 70, 80 e 90",14AI8Qt9giIa8uzek1I24O,Home by the Sea - 2007 Remaster,Genesis,3CkvROUTQ6nRi9yQOcsB50,,Genesis (2007 Remaster),https://i.scdn.co/image/ab67616d0000b273945c366eda66495226e4a46d,63,307800,Home by the Sea - 2007 Remaster,Genesis,Genesis (2007 Remaster),Progressive Rock,Art Rock,0.4,0.6000000000000001,mysterious,1983,1980s,"ghost story, entrapment, afterlife",0.30000000000000004,False,0.4826547912999062
Top 50 Mundo,70LcF31zb1H0PyJoS1Sx1r,Creep,Radiohead,4Z8W4fKeB5YxbusRsdQVPb,,Pablo Honey,https://i.scdn.co/image/ab67616d0000b273ec548c00d3ac2f10be73366d,91,238640,Creep,Radiohead,Pablo Honey,Alternative Rock,Grunge/Post-Grunge,0.4,0.55,"sad, self-pitying",1992,1990s,"Insegurança, se sentir inadequado, desejo não correspondido",0.0,False,0.4815337392061402
Top anos 2010,1de5qtvROLxLtMAQrmZjev,De Janeiro a Janeiro,Roberta Campos,5CC2At3k0Xnyc5s9yHdyax,,Varrendo a Lua,https://i.scdn.co/image/ab67616d0000b273615ac6698e15a744ccf6ed8d,59,190960,De Janeiro a Janeiro,Roberta Campos,Varrendo a Lua,MPB,Acoustic Pop,0.30000000000000004,0.4,Romantic,2010,2010s,"Enduring love, commitment, love through all seasons, longing for a loved one",0.1,False,0.4800896468372568
Top anos 2010,1T8PwF3JhIiWwBhun23RNe,Impossible,Shontelle,4M6Z1wubeKtwPqbjJygTOc,,No Gravity,https://i.scdn.co/image/ab67616d0000b2737bfc8563a5029026580e602c,67,226533,Impossible,Shontelle,No Gravity,Pop,Pop Ballad,0.2,0.30000000000000004,Sad,2010,2010s,"Heartbreak, moving on from a broken relationship, feeling impossible to recover",0.08,False,0.4793395164429676
Top 50 Mundo,53iuhJlwXhSER5J2IYYv1W,The Fate of Ophelia,Taylor Swift,06HL4z0CvFAxyc27GXpf02,,The Life of a Showgirl,https://i.scdn.co/image/ab67616d0000b273d7812467811a7da6e6a44902,100,226073,The Fate of Ophelia,Taylor Swift,The Life of a Showgirl,Pop,Folk Pop,0.4,0.5,"Melancholic, reflective, narrative",2020,2020s,"Storytelling, tragedy, character study, literary reference",0.15,False,0.47870519334407347
Top 50 Brasil,53iuhJlwXhSER5J2IYYv1W,The Fate of Ophelia,Taylor Swift,06HL4z0CvFAxyc27GXpf02,,The Life of a Showgirl,https://i.scdn.co/image/ab67616d0000b273d7812467811a7da6e6a44902,100,226073,The Fate of Ophelia,Taylor Swift,The Life of a Showgirl,Pop,Folk Pop,0.4,0.5,"Melancholic, reflective, narrative",2020,2020s,"Storytelling, tragedy, character study, literary reference",0.15,False,0.47870519334407347
Top anos 2000,1ZozJfi8u9cO2Ob8KwiwNT,Higher,Creed,43sZBwHjahUvgbx1WNIkIz,,Human Clay,https://i.scdn.co/image/ab67616d0000b273f8f048a5f4749c970078a4fb,77,316733,Higher,Creed,Human Clay,Post-Grunge,Alternative Rock,0.48,0.88,"Hopeful, powerful, epic",1999,1990s,"Spirituality, overcoming adversity, hope",0.08,False,0.4764940625290185
"Top 70, 80 e 90",31AOj9sFz2gM0O3hMARRBx,Losing My Religion,R.E.M.,4KWTAlx2RvbpseOGMEmROg,,Out Of Time (25th Anniversary Edition),https://i.scdn.co/image/ab67616d0000b273e2dd4e821bcc3f70dc0c8ffd,85,268426,Losing My Religion,R.E.M.,Out Of Time (25th Anniversary Edition),Alternative Rock,Jangle Pop,0.4,0.5,melancholic,1991,1990s,"unrequited love, doubt, anxiety, lost faith",0.2,False,0.4683202659303073
Top anos 2000,6q4aoWgTQ8td2AvqQXuFqm,Take A Picture,Filter,01WjpKiWVNurV5hjIadB8C,,Title Of Record (Expanded Edition),https://i.scdn.co/image/ab67616d0000b2730d0d09e240043bd79c352bda,65,363800,Take A Picture,Filter,Title Of Record (Expanded Edition),Industrial Rock,Alternative Rock,0.45,0.55,"Melancholy, reflective, atmospheric",1999,1990s,"Regret, self-reflection, contemplation",0.08,False,0.4681309451485614
Top 50 Mundo,3yWuTOYDztXjZxdE2cIRUa,Opalite,Taylor Swift,06HL4z0CvFAxyc27GXpf02,,The Life of a Showgirl,https://i.scdn.co/image/ab67616d0000b273d7812467811a7da6e6a44902,97,235355,Opalite,Taylor Swift,The Life of a Showgirl,Pop,Soft Rock/Pop,0.45,0.6000000000000001,"reflective, nostalgic",2025,2020s,"Relacionamentos, autorreflexão",0.0,False,0.4666493515239331
Top anos 2000,3jCV9CuT2Hzazecm49uqnZ,O Passageiro (The Passenger) - Ao Vivo,Capital Inicial,4Z0yuwHVJBROVZqFpTIr0d,,Acústico Capital Inicial,https://i.scdn.co/image/ab67616d0000b273839988017983f54cf85b836a,56,279160,O Passageiro (The Passenger) - Ao Vivo,Capital Inicial,Acústico Capital Inicial,Rock,Pop Rock,0.5,0.7000000000000001,energetic,2000,2000s,"travel, observation, detachment (Portuguese cover of Iggy Pop)",0.0,False,0.4611974578570697
Top anos 2010,7hR5toSPEgwFZ78jfHdANM,Half of My Heart,John Mayer,0hEurMDQu99nJRq8pTxO14,,Battle Studies,https://i.scdn.co/image/ab67616d0000b2731e3dbe4453ed61633c472fbe,64,250373,Half of My Heart,John Mayer,Battle Studies,Pop,Pop Rock,0.5,0.7000000000000001,romantic,2009,2000s,"love, desire, incomplete feelings, longing for a partner",0.0,False,0.4603617050107568
Top anos 2000,64BbK9SFKH2jk86U3dGj2P,Otherside,Red Hot Chili Peppers,0L8ExT028jH3ddEcZwqJJ5,,Californication (Deluxe Edition),https://i.scdn.co/image/ab67616d0000b27394d08ab63e57b0cae74e8595,84,255373,Otherside,Red Hot Chili Peppers,Californication (Deluxe Edition),Alternative Rock,"Funk Rock, Neo-Psychedelia",0.55,0.75,"Melancholy, reflective, introspective",1999,1990s,"Addiction, recovery, inner demons, hope",0.08,False,0.46025708857660097
Top 50 Mundo,4DPdJvSMB6hmrjgC5eC85d,Iris,The Goo Goo Dolls,2sil8z5kiy4r76CRTXxBCA,,Stay with You,https://i.scdn.co/image/ab67616d0000b273ce5e0c89b768384d45d9b0fa,63,289533,Iris,The Goo Goo Dolls,Stay with You,Rock,Alternative Rock/Post-Grunge,0.5,0.7000000000000001,"sentimental, yearning",1998,1990s,"Vulnerabilidade, desejo de ser compreendido",0.0,False,0.46005709796840827
Top anos 2000,3eFL9jPBBALueXfjhe0jCd,Go Let It Out,Oasis,2DaxqgrOhkeH0fpeiQq2f4,,Standing On The Shoulder Of Giants,https://i.scdn.co/image/ab67616d0000b273ce2be7cd7f7d3b3280faae02,49,278400,Go Let It Out,Oasis,Standing On The Shoulder Of Giants,Britpop,"Alternative Rock, Indie Rock",0.55,0.75,"Confident, anthemic, energetic",2000,2000s,"Self-expression, freedom, letting go",0.1,False,0.45923568858350466
Top anos 2000,3PbHle8KhJp6GuO1jLdEmQ,Be Like That,3 Doors Down,2RTUTCvo6onsAnheUk3aL9,,The Better Life,https://i.scdn.co/image/ab67616d0000b2732868c4713a3912fd476b42f1,65,265906,Be Like That,3 Doors Down,The Better Life,Post-Grunge,Alternative Rock,0.55,0.75,"Reflective, determined, resilient",2000,2000s,"Self-acceptance, moving on, independence",0.1,False,0.4556387234854723
Top 50 Mundo,3QaPy1KgI7nu9FJEQUgn6h,WILDFLOWER,Billie Eilish,6qqNVTkY8uBg9cP3Jd7DAH,,HIT ME HARD AND SOFT,https://i.scdn.co/image/ab67616d0000b27371d62ea7ea8a5be92d3c1f62,92,261466,WILDFLOWER,Billie Eilish,HIT ME HARD AND SOFT,Pop,Indie Pop,0.45,0.55,"melancholic, sweet",2024,2020s,"Beleza sutil, crescimento pessoal",0.05,False,0.4555912295873735
"Top 70, 80 e 90",5aQfUmnxj8x1zYc37Wit9w,Sunday Morning,The Bolshoi,30m0NFP0tHVmxcsUCvEN3K,,Friends,https://i.scdn.co/image/ab67616d0000b273ce2ee4a144ce40370b550e91,0,393666,Sunday Morning,The Bolshoi,Friends,New Wave,Goth Rock,0.55,0.7000000000000001,Brooding,1986,1980s,"Introspection, societal issues",0.08,False,0.44915320695247474
Top 50 Mundo,0VjIjW4GlUZAMYd2vXMi3b,Blinding Lights,The Weeknd,1Xyo4u8uXC1ZmMpatF05PJ,,After Hours,https://i.scdn.co/image/ab67616d0000b2738863bc11d2aa12b54f5aeb36,90,200040,Blinding Lights,The Weeknd,After Hours,Pop,Synth-Pop/New Wave,0.51,0.79,"euphoric, dramatic",2019,2010s,"Solidão, desejo de ver um parceiro, intoxicação",0.01,False,0.4483023310037327
"Top 70, 80 e 90",4yDCTzaFfr7YOuYKpwgidL,Sounds Like a Melody - 2019 Remaster,Alphaville,0xliTEbFfy5HQHvsTknTkX,,Forever Young (Super Deluxe Edition; 2019 Remaster),https://i.scdn.co/image/ab67616d0000b273c5c6cddc4cdce692d2c9c630,63,286170,Sounds Like a Melody - 2019 Remaster,Alphaville,Forever Young (Super Deluxe Edition; 2019 Remaster),Synth-Pop,New Wave,0.55,0.7000000000000001,Melancholic,1984,1980s,"Music, memory, emotion",0.08,False,0.4461443752912018
Top anos 2010,1HfxPaJggVwFsvOtHbVzMz,Live Like We're Dying,Kris Allen,2zwHaEmXxX6DTv4i8ajNCM,,Kris Allen,https://i.scdn.co/image/ab67616d0000b273f5cf5da2c28dbb1813257541,49,212506,Live Like We're Dying,Kris Allen,Kris Allen,Pop,Pop Rock,0.5,0.6000000000000001,Hopeful,2009,2000s,"Carpe Diem, living life to the fullest, making the most of every moment",0.08,False,0.4456843163135587
Top anos 2000,5c1QJAiC3773EwiZLwHf5x,Again,Lenny Kravitz,5gznATMVO85ZcLTkE9ULU7,,Again,https://i.scdn.co/image/ab67616d0000b27381bb674330f0276e88bd0722,71,231666,Again,Lenny Kravitz,Again,Rock,"Hard Rock, Neo-Psychedelia",0.55,0.78,"Intense, yearning, passionate",2000,2000s,"Desire for reconciliation, longing for lost love",0.08,False,0.4421112612226411
"Top 70, 80 e 90",1JSTJqkT5qHq8MDJnJbRE1,Every Breath You Take,The Police,5NGO30tJxFlKixkPSgXcFE,,Synchronicity (Remastered 2003),https://i.scdn.co/image/ab67616d0000b273c8e97cafeb2acb85b21a777e,90,253920,Every Breath You Take,The Police,Synchronicity (Remastered 2003),New Wave,Pop Rock,0.5,0.6000000000000001,Melancholic,1983,1980s,"Obsessive love, surveillance",0.05,False,0.4361334033594895
Top 50 Mundo,1JSTJqkT5qHq8MDJnJbRE1,Every Breath You Take,The Police,5NGO30tJxFlKixkPSgXcFE,,Synchronicity (Remastered 2003),https://i.scdn.co/image/ab67616d0000b273c8e97cafeb2acb85b21a777e,90,253920,Every Breath You Take,The Police,Synchronicity (Remastered 2003),New Wave,Pop Rock,0.5,0.6000000000000001,Melancholic,1983,1980s,"Obsessive love, surveillance",0.05,False,0.4361334033594895
"Top 70, 80 e 90",2374M0fQpWi3dLnB54qaLX,Africa,TOTO,0PFtn5NtBbbUNbU9EAmIWF,,Toto IV,https://i.scdn.co/image/ab67616d0000b2734a052b99c042dc15f933145b,86,295893,Africa,TOTO,Toto IV,Soft Rock,Pop Rock,0.5,0.6000000000000001,Nostalgic,1982,1980s,"Love, longing, mythical journeys",0.05,False,0.4356258198582862
Top 50 Mundo,1jgTiNob5cVyXeJ3WgX5bL,Elizabeth Taylor,Taylor Swift,06HL4z0CvFAxyc27GXpf02,,The Life of a Showgirl,https://i.scdn.co/image/ab67616d0000b273d7812467811a7da6e6a44902,95,208291,Elizabeth Taylor,Taylor Swift,The Life of a Showgirl,Pop,Pop Retrô/Soft Rock,0.5,0.65,"glamorous, storytelling",2025,2020s,"Fama, vida glamourosa, ícone",0.0,False,0.43423782432916236
Top anos 2000,3BsaRV5QIulYz2lV9WWa8T,Show Me the Meaning of Being Lonely,Backstreet Boys,5rSXSAkZ67PYJSvpUpkOr7,,Millennium,https://i.scdn.co/image/ab67616d0000b2732160c02bc56f192df0f4986b,74,234960,Show Me the Meaning of Being Lonely,Backstreet Boys,Millennium,Pop,Boy Band,0.45,0.55,sad,1999,1990s,"heartbreak, loneliness, longing for a lost love",0.0,False,0.4275211883903026
Top 50 Mundo,5yJaXWIErrrsjQ3J0eR5aK,The Night We Met,Lord Huron,6ltzsmQQbmdoHHbLZ4ZN25,,Strange Trails,https://i.scdn.co/image/ab67616d0000b273b4916183f769aca218acb85f,80,208226,The Night We Met,Lord Huron,Strange Trails,Indie Folk,Folk Pop,0.30000000000000004,0.30000000000000004,"nostalgic, sad",2015,2010s,Memórias de um amor perdido,0.05,False,0.4131755581132813
Top anos 2000,4cKGldbhGJniI8BrB3K6tb,Everything You Want,Vertical Horizon,6Hizgjo92FnMp8wGaRUNTn,,Everything You Want,https://i.scdn.co/image/ab67616d0000b273dde37a43468f6a6f60f782e1,66,257066,Everything You Want,Vertical Horizon,Everything You Want,Alternative Rock,"Pop Rock, Power Pop",0.55,0.65,"Reflective, yearning, romantic",1999,1990s,"Unrequited love, desire to be enough for someone",0.1,False,0.41149489175453213
Top anos 2000,1mBaOJ4OPDqJBMp0luG7Ej,A Lenda,Sandy e Junior,05mFGgWzooDQMWGNcNsM05,,As Quatro Estações (Ao Vivo),https://i.scdn.co/image/ab67616d0000b273c5c2cd3cc7f74022537c2992,54,271333,A Lenda,Sandy e Junior,As Quatro Estações (Ao Vivo),Pop,"Brazilian Pop, Teen Pop",0.55,0.65,"Romantic, dreamy, nostalgic",2000,2000s,"Eternal love, fairy tale romance, destiny",0.1,False,0.4079584041314588
Top 50 Brasil,2Hw0LzrD6ic8AckKBxJhiO,Deixa Eu - Ao Vivo,Murilo Huff,3hq7WoPJsrRP0KMSLhUgRz,,Acústico (Ao Vivo),https://i.scdn.co/image/ab67616d0000b273f678dfce3405c8d2f786b73f,83,158470,Deixa Eu - Ao Vivo,Murilo Huff,Acústico (Ao Vivo),Sertanejo,Sertanejo Sofrência,0.5,0.55,"Melancholic, longing, emotional",2023,2020s,"Heartbreak, reconciliation, begging for a chance",0.1,False,0.40224117082327987
Top 50 Brasil,7tesyGMnAFNI0l2xaxcFKi,Saudade De Quem Eu Sou - Ao Vivo,Henrique & Juliano,3p7PcrEHaaKLJnPUGOtRlT,,Manifesto Musical 2 (Ao Vivo),https://i.scdn.co/image/ab67616d0000b27339ccc143fa0c800fd90cdf48,79,153103,Saudade De Quem Eu Sou - Ao Vivo,Henrique & Juliano,Manifesto Musical 2 (Ao Vivo),Sertanejo,Sertanejo Sofrência,0.5,0.55,"Melancholic, reflective, nostalgic, sad",2023,2020s,"Nostalgia, longing for past self, heartbreak",0.1,False,0.4018879757809472
Top 50 Brasil,6zxthXT7GUBX83vRmQiN3x,Caos De Alguém - Ao Vivo,Felipe e Rodrigo,7gZu6kPnY9enEi5FvgTO4F,,Nossa Cara (Ao Vivo),https://i.scdn.co/image/ab67616d0000b273b5c00fa80ba041ecb7d76fcf,72,154097,Caos De Alguém - Ao Vivo,Felipe e Rodrigo,Nossa Cara (Ao Vivo),Sertanejo,Sertanejo Sofrência,0.5,0.55,"Melancholic, sad, heartbroken",2023,2020s,"Heartbreak, being someone's 'chaos', toxic relationships",0.1,False,0.4009729415288737
Top 50 Brasil,6vGZfODFI1FxMImSUbdJhz,Resumindo - Ao Vivo,Zé Neto & Cristiano,487N2T9nIPEHrlTZLL3SQs,,"Magia das Estrelas, Vol. 1 (Ao Vivo)",https://i.scdn.co/image/ab67616d0000b2730b080d4f0af2da9451318a2b,78,145177,Resumindo - Ao Vivo,Zé Neto & Cristiano,"Magia das Estrelas, Vol. 1 (Ao Vivo)",Sertanejo,Sertanejo Sofrência,0.52,0.58,"Melancholic, sad, heartbroken, reflective",2023,2020s,"Heartbreak, relationship summary, emotional pain",0.1,False,0.40041389057518273
Top 50 Brasil,4QZqSqxdcgAbtZle4MS4ph,Retrovisor,Gusttavo Lima,7MiDcPa6UiV3In7lIM71IN,,Feito À Mão Vol. 01,https://i.scdn.co/image/ab67616d0000b2738ed4b54d8f1cb808029679bb,80,185984,Retrovisor,Gusttavo Lima,Feito À Mão Vol. 01,Sertanejo,Sertanejo Sofrência,0.5,0.55,"Melancholic, nostalgic, heartbroken",2023,2020s,"Looking back, past relationships, regret, moving on",0.1,False,0.4002853387606381
Top anos 2010,656TZu3G6rnfK9m2Y0zR6g,Você me faz tão bem,Detonautas,5AlUDdksfPP7l4Qm22MJA9,,Detonautas Acústico,https://i.scdn.co/image/ab67616d0000b273d55fb5f2c3dc67ec250c6a72,63,254520,Você me faz tão bem,Detonautas,Detonautas Acústico,Rock,Pop Rock,0.5,0.6000000000000001,romantic,2009,2000s,"love, appreciation, positive influence",0.0,False,0.39638687387671717
Top 50 Brasil,4c4tcqYfqiFc527gqNdRE5,Se Eu Te Perdoar - Ao Vivo,Clayton & Romário,1tKrZaph4cLsnEdqC5BNEQ,,Se Eu Te Perdoar (Ao Vivo),https://i.scdn.co/image/ab67616d0000b273ed987e54a9457fa10048f450,83,164892,Se Eu Te Perdoar - Ao Vivo,Clayton & Romário,Se Eu Te Perdoar (Ao Vivo),Sertanejo,Sertanejo Sofrência,0.52,0.58,"Reflective, sad, heartbroken, emotional",2023,2020s,"Forgiveness, betrayal, complicated relationships",0.1,False,0.39625384681209286
Top anos 2010,1wVuPmvt6AWvTL5W2GJnzZ,Talking to the Moon,Bruno Mars,0du5cEVh5yTK9QJze8zA0C,,Doo-Wops & Hooligans,https://i.scdn.co/image/ab67616d0000b273f60070dce96a2c1b70cf6ff0,76,217866,Talking to the Moon,Bruno Mars,Doo-Wops & Hooligans,Pop,Soul Pop,0.45,0.5,melancholic,2010,2010s,"longing, lost love, hope for reconnection",0.0,False,0.3902726620891694
Top 50 Mundo,2RkZ5LkEzeHGRsmDqKwmaJ,Ordinary,Alex Warren,0fTSzq9jAh4c36UVb4V7CB,,"You'll Be Alright, Kid (Chapter 1)",https://i.scdn.co/image/ab67616d0000b27342fe69c0e7e5c92f01ece8ce,91,186964,Ordinary,Alex Warren,"You'll Be Alright, Kid (Chapter 1)",Pop,Pop Acústico,0.4,0.4,"calm, sentimental",2024,2020s,"Vida comum, autoaceitação",0.05,False,0.38888841328925783
Top 50 Brasil,07kLShG3HTeLXTqnFCqNAJ,Amigo Da Minha Saudade - Ao Vivo,Henrique & Juliano,3p7PcrEHaaKLJnPUGOtRlT,,Manifesto Musical 2 (Ao Vivo / Vol.1),https://i.scdn.co/image/ab67616d0000b2732774b00531d558bc19e12a24,80,150992,Amigo Da Minha Saudade - Ao Vivo,Henrique & Juliano,Manifesto Musical 2 (Ao Vivo / Vol.1),Sertanejo,Sertanejo Sofrência,0.53,0.58,"Melancholic, nostalgic, sad",2023,2020s,"Longing, missing someone, cherishing memories",0.1,False,0.3786467322139407
Top anos 2010,6lV2MSQmRIkycDScNtrBXO,Airplanes (feat. Hayley Williams of Paramore),B.o.B,5ndkK3dpZLKtBklKjxNQwT,,B.o.B Presents: The Adventures of Bobby Ray,https://i.scdn.co/image/ab67616d0000b273484d121f0e2d2caf87d5d10b,78,180480,Airplanes (feat. Hayley Williams of Paramore),B.o.B,B.o.B Presents: The Adventures of Bobby Ray,Hip Hop,Pop Rap,0.55,0.7000000000000001,reflective,2010,2010s,"fame, childhood memories, longing for simpler times",0.0,True,0.3712332185708042
Top 50 Mundo,3xkHsmpQCBMytMJNiDf3Ii,Beautiful Things,Benson Boone,22wbnEMDvgVIAGdFeek6ET,,Fireworks & Rollerblades,https://i.scdn.co/image/ab67616d0000b273cc04ff3e70e146ba9abacf40,88,180304,Beautiful Things,Benson Boone,Fireworks & Rollerblades,Pop Rock,Folk Rock/Pop Balada,0.55,0.7000000000000001,"emotive, powerful",2024,2020s,"Gratidão pela vida e amor, medo de perder",0.0,False,0.3704340177158239
"Top 70, 80 e 90",37Tmv4NnfQeb0ZgUC4fOJj,Sultans Of Swing,Dire Straits,0WwSkZ7LtFUFjGjMZBMt6T,,Dire Straits,https://i.scdn.co/image/ab67616d0000b273b49d49cc95564aede7998bb8,83,348400,Sultans Of Swing,Dire Straits,Dire Straits,Rock,Blues Rock,0.5,0.6000000000000001,Cool,1978,1970s,"Music, street performers, local bands",0.30000000000000004,False,0.3629857497407517
Top anos 2000,5w50Ywn17sXpDFDhe0Sxtw,A Cera,O Surto,6SXLkJrpyA2cxh2B1Xq3b7,,Todo Mundo Doido,https://i.scdn.co/image/ab67616d0000b27368ac9a4f7f5e32697a72d1ff,67,227373,A Cera,O Surto,Todo Mundo Doido,Alternative Rock,Brazilian Rock,0.58,0.78,"Playful, sarcastic, rebellious",2000,2000s,"Social criticism, superficiality, frustration",0.1,False,0.3629020992187253
Top 50 Mundo,7so0lgd0zP2Sbgs2d7a1SZ,Die With A Smile,Lady Gaga,1HY2Jd0NmPuamShAr6KMms,,MAYHEM,https://i.scdn.co/image/ab67616d0000b273b0860cf0a98e09663c82290c,86,251667,Die With A Smile,Lady Gaga,MAYHEM,Pop/Soul,Soft Rock/Pop Ballad,0.5,0.55,"romantic, emotive",2024,2020s,"Amor eterno, querer morrer ao lado de quem se ama",0.01,False,0.3622453408981935
Top 50 Brasil,0IBCX7PC9NcfFLuyoHxTNt,Escondendo o Ouro - Ao Vivo,Zé Neto & Cristiano,487N2T9nIPEHrlTZLL3SQs,,"Magia das Estrelas, Vol. 1 (Ao Vivo)",https://i.scdn.co/image/ab67616d0000b2730b080d4f0af2da9451318a2b,82,171207,Escondendo o Ouro - Ao Vivo,Zé Neto & Cristiano,"Magia das Estrelas, Vol. 1 (Ao Vivo)",Sertanejo,Sertanejo Sofrência,0.55,0.6000000000000001,"Melancholic, heartbroken, emotional",2023,2020s,"Hiding feelings, secret love/affair, emotional pain",0.1,False,0.3616271413811899
Top 50 Brasil,3M4HJl7D77l86gL1QXGJHG,Saudade Burra - Ao Vivo,Lauana Prado,6TYimByryGphZCtwYopH0y,,Transcende (Ao Vivo),https://i.scdn.co/image/ab67616d0000b273e3079216d2d0ab407065fb3b,76,157173,Saudade Burra - Ao Vivo,Lauana Prado,Transcende (Ao Vivo),Sertanejo,Sertanejo Sofrência,0.55,0.6000000000000001,"Melancholic, nostalgic, heartbroken",2023,2020s,"Longing for an ex, irrational nostalgia, heartbreak",0.1,False,0.35902865533198136
Top 50 Brasil,4y93vvzu2h8MITw7YyUTcI,Última Saudade - Ao Vivo,Henrique & Juliano,3p7PcrEHaaKLJnPUGOtRlT,,Manifesto Musical 2 (Ao Vivo / Vol.1),https://i.scdn.co/image/ab67616d0000b2732774b00531d558bc19e12a24,80,150449,Última Saudade - Ao Vivo,Henrique & Juliano,Manifesto Musical 2 (Ao Vivo / Vol.1),Sertanejo,Sertanejo Sofrência,0.55,0.6000000000000001,"Melancholic, nostalgic, reflective",2023,2020s,"Longing, missing someone, past relationships",0.1,False,0.35848087376545745
Top 50 Brasil,5aMgTcyBPH90hWHhbNKTwR,Entregador de Flor - Ao Vivo em Brasília,Diego & Victor Hugo,3k68C6mNMJL6OaAdWeW2ZF,,Diego & Victor Hugo Ao Vivo em Brasília,https://i.scdn.co/image/ab67616d0000b273deb164b57dd85d716ba3f252,79,190276,Entregador de Flor - Ao Vivo em Brasília,Diego & Victor Hugo,Diego & Victor Hugo Ao Vivo em Brasília,Sertanejo,Sertanejo Sofrência,0.55,0.6000000000000001,"Romantic, melancholic, longing",2023,2020s,"Sending flowers, longing for someone, romantic gesture",0.1,False,0.35803069523998143
Top anos 2010,2rDwdvBma1O1eLzo29p2cr,Whataya Want from Me,Adam Lambert,6prmLEyn4LfHlD9NnXWlf7,,For Your Entertainment,https://i.scdn.co/image/ab67616d0000b273fe0d9870d6d8e18c3a00c658,61,227320,Whataya Want from Me,Adam Lambert,For Your Entertainment,Pop,Pop Rock,0.55,0.8,emotional,2009,2000s,"misunderstanding, wanting acceptance, relationship struggles",0.0,False,0.356107013666776
Top 50 Brasil,4HgSxgv95es0rsPRS98nKZ,Segundo Amor da Sua Vida,Marília Mendonça,1yR65psqiazQpeM79CcGh8,,Segundo Amor da Sua Vida,https://i.scdn.co/image/ab67616d0000b2737fd2dd79d1107cd7078d6c4e,72,159018,Segundo Amor da Sua Vida,Marília Mendonça,Segundo Amor da Sua Vida,Sertanejo,Sertanejo Sofrência,0.5,0.5,"Sad, melancholic, heartbroken, emotional",2022,2020s,"Love triangle, being the 'other person', heartbreak",0.1,False,0.35461971707643686
Top anos 2000,0gzqZ9d1jIKo9psEIthwXe,Beautiful Day,U2,51Blml2LZPmy7TTiAg47vQ,,All That You Can't Leave Behind,https://i.scdn.co/image/ab67616d0000b27338fa0dfe55b1ff2e8c962bae,73,248400,Beautiful Day,U2,All That You Can't Leave Behind,Alternative Rock,"Pop Rock, Arena Rock",0.55,0.88,"Uplifting, hopeful, inspiring",2000,2000s,"Hope, appreciation for life, finding beauty in adversity",0.1,False,0.3533800182370596
"Top 70, 80 e 90",6bHJK5foTbt9sWHYWSqG3x,You Know What to Do,Carly Simon,4FtSnMlCVxCswABUmdhwpm,,Hello Big Man,https://i.scdn.co/image/ab67616d0000b273dd1c83f5c18588688b3c9cf7,45,252120,You Know What to Do,Carly Simon,Hello Big Man,Pop Rock,Soft Rock,0.5,0.5,reflective,1983,1980s,"love, reassurance, understanding",0.1,False,0.35110645739058033
"Top 70, 80 e 90",0yfNXxlyXdmP0ue1iJijx1,Come Undone,Duran Duran,0lZoBs4Pzo7R89JM9lxwoT,,Duran Duran,https://i.scdn.co/image/ab67616d0000b2735d11c2fe73a7d376d3b06107,76,256519,Come Undone,Duran Duran,Duran Duran,Pop Rock,New Wave,0.55,0.6000000000000001,Romantic,1993,1990s,"Love, intimacy, devotion",0.08,False,0.3508930021949214
"Top 70, 80 e 90",57h06SZNL6LJ3YKZ1UGCeu,Sadeness,Enigma,3DmG65yHQsMms7WAvrZOdt,,Love Sensuality Devotion: The Greatest Hits,https://i.scdn.co/image/ab67616d0000b273251898236cf85ac01d71793a,62,255533,Sadeness,Enigma,Love Sensuality Devotion: The Greatest Hits,New Age,Downtempo,0.4,0.4,mysterious,1990,1990s,"sensuality, spirituality, introspection",0.4,False,0.3479430638131905
Top anos 2010,1GxHeBvQ9935Dd3cSfsfBa,Best I Ever Had,Drake,3TVXtAsR1Inumwj472S9r4,,Thank Me Later (Int'l Version),https://i.scdn.co/image/ab67616d0000b27372babba16ea5e3afe690b4f1,56,258760,Best I Ever Had,Drake,Thank Me Later (Int'l Version),Hip Hop,Pop Rap,0.55,0.6000000000000001,Romantic,2009,2000s,"Love, intimacy, praising a girlfriend, celebrating a relationship",0.05,True,0.3443669555019014
Top anos 2010,1UGD3lW3tDmgZfAVDh6w7r,Devil In A New Dress,Kanye West,5K4W6rqBFWDnAN6FQUkS6x,,My Beautiful Dark Twisted Fantasy,https://i.scdn.co/image/ab67616d0000b273d9194aa18fa4c9362b47464f,78,351946,Devil In A New Dress,Kanye West,My Beautiful Dark Twisted Fantasy,Hip Hop,Soulful Hip Hop,0.55,0.6000000000000001,luxurious,2010,2010s,"temptation, desire, complex relationships, lavish lifestyle",0.05,True,0.34205385386981346
Top 50 Mundo,55lijDD6OAjLFFUHU9tcDm,WHERE IS MY HUSBAND!,RAYE,5KKpBU5eC2tJDzf0wmlRp2,,WHERE IS MY HUSBAND!,https://i.scdn.co/image/ab67616d0000b2737cc8cee5c81409833e540974,92,196795,WHERE IS MY HUSBAND!,RAYE,WHERE IS MY HUSBAND!,R&B/Pop,Neo-Soul,0.5,0.5,"anxious, dramatic",2024,2020s,"Preocupação, busca por um parceiro",0.05,False,0.33868335221932117
"Top 70, 80 e 90",0odIT9B9BvOCnXfS0e4lB5,Bette Davis Eyes,Kim Carnes,5PN2aHIvLEM98XIorsPMhE,,Mistaken Identity,https://i.scdn.co/image/ab67616d0000b2738ccc17f29764d812062204a8,79,228000,Bette Davis Eyes,Kim Carnes,Mistaken Identity,Pop Rock,New Wave,0.55,0.6000000000000001,Cool,1981,1980s,"Seduction, allure, femme fatale",0.05,False,0.336238940211021
Top 50 Mundo,03bTIHJElXZ0O0jqOQvAbY,Father Figure,Taylor Swift,06HL4z0CvFAxyc27GXpf02,,The Life of a Showgirl,https://i.scdn.co/image/ab67616d0000b273d7812467811a7da6e6a44902,94,212777,Father Figure,Taylor Swift,The Life of a Showgirl,Pop,Pop/Soft Rock,0.55,0.65,"confident, cool",2025,2020s,"Relação mentor-protegido, vingança, traição (referência à disputa de masters)",0.0,True,0.3361457724261202
Top anos 2000,60a0Rd6pjrkxjPbaKzXjfq,In the End,Linkin Park,6XyY86QOPPrYVGvF9ch6wz,,Hybrid Theory (Bonus Edition),https://i.scdn.co/image/ab67616d0000b273e2f039481babe23658fc719a,89,216880,In the End,Linkin Park,Hybrid Theory (Bonus Edition),Nu Metal,Rap Rock,0.55,0.92,"Angry, frustrated, despairing",2000,2000s,"Frustration, failure, self-doubt, betrayal",0.08,False,0.3256356096212573
Top 50 Mundo,7CyPwkp0oE8Ro9Dd5CUDjW,"One Of The Girls (with JENNIE, Lily Rose Depp)",The Weeknd,1Xyo4u8uXC1ZmMpatF05PJ,,The Idol Episode 4 (Music from the HBO Original Series),https://i.scdn.co/image/ab67616d0000b273b0dd6a5cd1dec96c4119c262,91,244684,"One Of The Girls (with JENNIE, Lily Rose Depp)",The Weeknd,The Idol Episode 4 (Music from the HBO Original Series),R&B/Pop,Alt R&B,0.5,0.5,"dark, sensual",2023,2020s,"Submissão, fetiches, poder",0.0,True,0.3255450322507553
"Top 70, 80 e 90",2VN7uPrbryJ7nE2MXX3f9a,"Burning Heart - From ""Rocky IV"" Soundtrack",Survivor,26bcq2nyj5GB7uRr558iQg,,Survivor Greatest Hits,https://i.scdn.co/image/ab67616d0000b2734ea1fd36ef7d78214011371c,71,230106,"Burning Heart - From ""Rocky IV"" Soundtrack",Survivor,Survivor Greatest Hits,Rock,Arena Rock/Hard Rock,0.55,0.85,"motivational, intense",1985,1980s,"Batalha, luta, superação",0.0,False,0.32224134619069056
Top 50 Mundo,27xkOIER6uDLKALIelHylZ,Don’t Say You Love Me,Jin,5vV3bFXnN6D6N3Nj4xRvaV,,Echo,https://i.scdn.co/image/ab67616d0000b27389228504f700641956e29f5d,88,180716,Don’t Say You Love Me,Jin,Echo,Pop,Pop Balada,0.5,0.5,"soft, unresolved",2025,2020s,"Dificuldade de terminar, ambivalência no amor",0.01,False,0.3207558213877299
Top anos 2000,6ZLGthToczpvnL5Eoy6yrY,Pure Shores,All Saints,5TDVKqW9uhqGjwwwKGuma4,,Saints & Sinners,https://i.scdn.co/image/ab67616d0000b273c919cc963e27a28375201a5a,64,268746,Pure Shores,All Saints,Saints & Sinners,Pop,Dream Pop,0.55,0.58,dreamy,2000,2000s,"escape, tranquility, longing",0.05,False,0.3169033572900215
Top anos 2000,5nwT95l5rMdQPaydjGh32q,"Amor I Love You / Citação: Trecho da Obra Intitulada ""Primo Basilio"" De Eça de Queiroz Declamado por Arnaldo Antunes",Marisa Monte,0rSTXALHu0EKAawPLBdODH,,"Memórias, Crônicas e Declarações de Amor",https://i.scdn.co/image/ab67616d0000b273b8b0cd2aba0baaf566bcd625,65,191933,"Amor I Love You / Citação: Trecho da Obra Intitulada ""Primo Basilio"" De Eça de Queiroz Declamado por Arnaldo Antunes",Marisa Monte,"Memórias, Crônicas e Declarações de Amor",MPB,Pop/Romântico,0.5,0.45,"sentimental, tender",2000,2000s,"Declaração de amor, reflexão literária",0.1,False,0.3101388027266476
Top anos 2000,6ZOBP3NvffbU4SZcrnt1k6,Kryptonite,3 Doors Down,2RTUTCvo6onsAnheUk3aL9,,The Better Life,https://i.scdn.co/image/ab67616d0000b2732868c4713a3912fd476b42f1,81,233933,Kryptonite,3 Doors Down,The Better Life,Post-Grunge,Alternative Rock,0.58,0.85,"Intense, questioning, powerful",2000,2000s,"Feeling watched, self-doubt, vulnerability",0.08,False,0.309670102326508
Top 50 Brasil,25CffgwZg6vlUdCsHJijZo,Baqueado - Ao Vivo,Panda,5qIpstBGrGteJZg1xIvbiz,,Panda Sem Moderação (Ao Vivo),https://i.scdn.co/image/ab67616d0000b27325bbba1d86fca54672a86c5b,81,146750,Baqueado - Ao Vivo,Panda,Panda Sem Moderação (Ao Vivo),Sertanejo,Sertanejo Sofrência,0.58,0.62,"Melancholic, heartbroken, emotional",2023,2020s,"Heartbreak, sadness, emotional distress",0.1,False,0.30789685789401877
Top 50 Brasil,5k7JSycp97vL45zSOoUsTE,Seja Ex - Ao Vivo,Henrique & Juliano,3p7PcrEHaaKLJnPUGOtRlT,,Manifesto Musical 2 (Ao Vivo / Vol.1),https://i.scdn.co/image/ab67616d0000b2732774b00531d558bc19e12a24,79,192034,Seja Ex - Ao Vivo,Henrique & Juliano,Manifesto Musical 2 (Ao Vivo / Vol.1),Sertanejo,Sertanejo Sofrência,0.58,0.62,"Reflective, sad, heartbroken, emotional",2023,2020s,"Moving on from an ex, emotional pain, self-preservation",0.1,False,0.3060691384269192
"Top 70, 80 e 90",4oDZ5L8izBals6jKBJDBcX,Your Love,The Outfield,1zxDewzd2j1ZdSBGaYcr0y,,Play Deep,https://i.scdn.co/image/ab67616d0000b273d8b8307316208d35b9d7094d,5,216466,Your Love,The Outfield,Play Deep,Pop Rock,Power Pop,0.6000000000000001,0.75,romantic,1985,1980s,"unrequited love, desire, longing",0.15,False,0.3053558884256002
Top anos 2000,1TIvODlICRKM5uhbKbNFGA,Tempos Modernos,Lulu Santos,0A1oy7PC7fdzURgaLaWkL1,,Lulu Acústico,https://i.scdn.co/image/ab67616d0000b2735245d513567fe12a726e60d4,62,224906,Tempos Modernos,Lulu Santos,Lulu Acústico,Pop,MPB,0.55,0.6000000000000001,optimistic,2000,2000s,"hope, change, future, love (originally 1982, acoustic version 2000)",0.0,False,0.3020036199134366
Top 50 Brasil,0qZwqMsGSClyrKzbVbRto9,Vai Cair Água - Ao Vivo,Diego & Arnaldo,0CrGLmfVKzk9rAyiNb91ft,,RESENHA NATORA (Ao Vivo),https://i.scdn.co/image/ab67616d0000b2734892904beeeb9f64ea9a7c8f,72,150936,Vai Cair Água - Ao Vivo,Diego & Arnaldo,RESENHA NATORA (Ao Vivo),Sertanejo,Sertanejo Universitário,0.6000000000000001,0.68,"Melancholic, reflective, emotional",2023,2020s,"Heartbreak, tears, emotional pain",0.1,False,0.3015175507501452
Top 50 Mundo,0xxZY5C9xxij3D1HkzbnfC,Monster Mash,"Bobby ""Boris"" Pickett",42MRYPhQfcEXqb18dl5ERX,,The Original Monster Mash,https://i.scdn.co/image/ab67616d0000b273edf6710f9c0cd81e37fcaf3d,83,192040,Monster Mash,"Bobby ""Boris"" Pickett",The Original Monster Mash,Novelty,Pop-Rock/Halloween,0.55,0.6000000000000001,playful,1962,1960s,"Monstros, festa de Halloween",0.0,False,0.2991679380960859
"Top 70, 80 e 90",7r8Yc8CBLuk18OJ89u5ou8,I Want To Break Free - Remastered 2011,Queen,1dfeR4HaWDbWqFHLkxsg1d,,The Works (Deluxe Edition 2011 Remaster),https://i.scdn.co/image/ab67616d0000b2736cb222fb74baa50762465044,0,198773,I Want To Break Free - Remastered 2011,Queen,The Works (Deluxe Edition 2011 Remaster),Rock,Pop Rock,0.6000000000000001,0.7000000000000001,liberating,1984,1980s,"freedom, breaking constraints, individuality",0.15,False,0.29622575595603406
"Top 70, 80 e 90",1v2zyAJrChw5JnfafSkwkJ,Shiny Happy People,R.E.M.,4KWTAlx2RvbpseOGMEmROg,,Out Of Time (25th Anniversary Edition),https://i.scdn.co/image/ab67616d0000b273e2dd4e821bcc3f70dc0c8ffd,72,225786,Shiny Happy People,R.E.M.,Out Of Time (25th Anniversary Edition),Alternative Rock,Jangle Pop,0.6000000000000001,0.75,Happy,1991,1990s,"Happiness, community, simple joys",0.05,False,0.2838025757515853
Top 50 Mundo,1qbmS6ep2hbBRaEZFpn7BX,Man I Need,Olivia Dean,00x1fYSGhdqScXBRpSj3DW,,Man I Need,https://i.scdn.co/image/ab67616d0000b273e3d69e17dde129037a1f09e2,95,184000,Man I Need,Olivia Dean,Man I Need,Soul/R&B,Pop Soul,0.5,0.45,"romantic, soulful",2024,2020s,"Desejo, necessidade de um parceiro",0.0,False,0.2811746568260494
"Top 70, 80 e 90",0DnA2DyUwy0W4xMYtRxocL,Who Can It Be Now?,Men At Work,0f3EsoviYnRKTkmayI3cux,,Super Hits,https://i.scdn.co/image/ab67616d0000b273bb6c7e266d0e9ed210affd48,56,200293,Who Can It Be Now?,Men At Work,Super Hits,New Wave,Ska Pop,0.6000000000000001,0.7000000000000001,Anxious,1981,1980s,"Paranoia, desire for solitude",0.05,False,0.27839540543421093
"Top 70, 80 e 90",3TieIQTlipul7oxGldyX09,Big in Japan - Single Version; 2019 Remaster,Alphaville,0xliTEbFfy5HQHvsTknTkX,,Forever Young (Super Deluxe Edition; 2019 Remaster),https://i.scdn.co/image/ab67616d0000b273c5c6cddc4cdce692d2c9c630,66,234693,Big in Japan - Single Version; 2019 Remaster,Alphaville,Forever Young (Super Deluxe Edition; 2019 Remaster),Synth-pop,New Wave,0.6000000000000001,0.65,melancholic,1984,1980s,"drug addiction, escapism, false hope",0.1,False,0.27269956657114963
"Top 70, 80 e 90",2SPU97neddixGZ3wCMLAwx,Too Late For Goodbyes,Julian Lennon,4Tvos0a5rRrBu4Oodu5f79,,Valotte,https://i.scdn.co/image/ab67616d0000b273330dbac44727597c630fa8b4,53,214645,Too Late For Goodbyes,Julian Lennon,Valotte,Pop Rock,Synth-pop,0.6000000000000001,0.65,melancholic,1984,1980s,"lost love, regret, parting",0.1,False,0.27239376411370003
Top 50 Brasil,2j7IPPMZt5nE5R4r2AbKZ8,12 Horas / Pra Você Acreditar - Ao Vivo,Panda,5qIpstBGrGteJZg1xIvbiz,,Cê Tá Doido (São José Do Rio Preto) [Ao Vivo],https://i.scdn.co/image/ab67616d0000b27352ae193e416c6c9d974aa11a,76,250453,12 Horas / Pra Você Acreditar - Ao Vivo,Panda,Cê Tá Doido (São José Do Rio Preto) [Ao Vivo],Sertanejo,Sertanejo Sofrência,0.6000000000000001,0.65,"Romantic, longing, emotional",2023,2020s,"Love, belief, commitment, reconciliation",0.1,False,0.26970255596843523
Top 50 Brasil,44CTudFZ0kbaIF9n0jk7oU,Ilusão De Ótica - Ao Vivo,Matheus & Kauan,2Z0lRIqr997lIUiPtrpKCr,,Envolvente (Ao Vivo / Vol.2),https://i.scdn.co/image/ab67616d0000b273525edab604386ce3fce89cc5,79,179504,Ilusão De Ótica - Ao Vivo,Matheus & Kauan,Envolvente (Ao Vivo / Vol.2),Sertanejo,Sertanejo Universitário,0.6000000000000001,0.65,"Romantic, emotional, reflective",2023,2020s,"Love, illusion, passion, relationships",0.1,False,0.26968608170987884
Top 50 Brasil,1I6TdHxz61Kf9EFje0dQvg,OLHO MARROM - Ao Vivo em Lisboa,Luan Santana,3qvcCP2J0fWi0m0uQDUf6r,,OLHO MARROM - Ao Vivo em Lisboa,https://i.scdn.co/image/ab67616d0000b2731063e4a2b6e169864183b897,79,145491,OLHO MARROM - Ao Vivo em Lisboa,Luan Santana,OLHO MARROM - Ao Vivo em Lisboa,Sertanejo,Pop Sertanejo,0.6000000000000001,0.65,"Romantic, passionate, nostalgic",2023,2020s,"Love, attraction, specific physical features (brown eyes)",0.1,False,0.2674607582551438
"Top 70, 80 e 90",5b3NxkCIUD5Yo8OTj3eEum,"Torch - Original 7"" Single Version",Soft Cell,6aq8T2RcspxVOGgMrTzjWc,,Non-Stop Erotic Cabaret,https://i.scdn.co/image/ab67616d0000b27349c982dae436bac27c336f45,45,248266,"Torch - Original 7"" Single Version",Soft Cell,Non-Stop Erotic Cabaret,Synth-Pop,New Wave,0.6000000000000001,0.65,"dark, dramatic",1982,1980s,"Obsessão, perda de amor",0.05,False,0.2638045247568367
Top anos 2010,4YYHgF9dWyVSor0GtrBzdf,Te Amo,Rihanna,5pKCCKE2ajJHZ9KAiaK11H,,Rated R,https://i.scdn.co/image/ab67616d0000b273ab647295c0c97446c1f1a3b5,70,208426,Te Amo,Rihanna,Rated R,Pop,Latin Pop,0.55,0.5,Sensual,2009,2000s,"Being pursued by someone of the same sex, feeling conflicted, sexual tension, expressing love in Spanish",0.08,True,0.25898410851182463
Top 50 Mundo,42VUCXerQ5qTr4Qp6PhKo4,Tears,Sabrina Carpenter,74KM79TiuVKeVCqs8QtB0B,,Man’s Best Friend,https://i.scdn.co/image/ab67616d0000b273b1863bf95557ea7f357c4947,92,160183,Tears,Sabrina Carpenter,Man’s Best Friend,Pop,Pop Balada,0.5,0.4,"sad, emotional",2025,2020s,"Tristeza, fim de relacionamento",0.0,False,0.2525070876197006
Top anos 2000,2TTYIwTM2iLC1YOyHuhRMt,Lucky,Britney Spears,26dSoYclwsYLMAKD3tpOr4,,Oops!... I Did It Again,https://i.scdn.co/image/ab67616d0000b273c50b7d96737041f4bfd844d6,73,206226,Lucky,Britney Spears,Oops!... I Did It Again,Pop,Teen Pop,0.6000000000000001,0.7000000000000001,melancholic,2000,2000s,"loneliness, fame, inner struggle",0.0,False,0.23159378297440752
Top 50 Mundo,17phhZDn6oGtzMe56NuWvj,Lose Control,Teddy Swims,33qOK5uJ8AR2xuQQAhHump,,I've Tried Everything But Therapy (Part 1),https://i.scdn.co/image/ab67616d0000b2731a0323cc23419360a34a3ace,89,210688,Lose Control,Teddy Swims,I've Tried Everything But Therapy (Part 1),Soul,Pop Soul/R&B,0.6000000000000001,0.75,"passionate, powerful",2023,2020s,Perder o controle emocional por amor,0.0,False,0.2299977721719734
"Top 70, 80 e 90",3VwLD5o1r0YBLkjUfgSEYg,Das Model,Kraftwerk,0dmPX6ovclgOy8WWJaFEUU,,3-D Der Katalog (German Version),https://i.scdn.co/image/ab67616d0000b2736f4cbe4000d08e065bca58e2,53,219606,Das Model,Kraftwerk,3-D Der Katalog (German Version),Electronic,Synth-Pop,0.6000000000000001,0.6000000000000001,Cool,1978,1970s,"Objectification, fashion, celebrity",0.15,False,0.22952093552674188
Top anos 2010,3b6xCACNK394ceWfKz9DUM,Esquecimento,Skank,4C4kpaAdp6aKSkguw40SsU,,Velocia,https://i.scdn.co/image/ab67616d0000b2730a35d6cc881e6d56fa23372f,54,277133,Esquecimento,Skank,Velocia,Rock,Pop Rock,0.6000000000000001,0.75,reflective,2014,2010s,"memory, forgetting, the passage of time",0.0,False,0.22433621208168603
Top 50 Mundo,7qjZnBKE73H4Oxkopwulqe,back to friends,sombr,4G9NDjRyZFDlJKMRL8hx3S,,I Barely Know Her,https://i.scdn.co/image/ab67616d0000b273d2eb391e0b3c3bc21c127db6,91,199032,back to friends,sombr,I Barely Know Her,Indie Pop,Alt-Pop,0.6000000000000001,0.7000000000000001,"melancholic, reflective",2025,2020s,"Fim de relacionamento, amizade",0.0,False,0.22326169711266805
Top anos 2010,0RZyUsKfiC7MtiGKatCtGc,Misery,Maroon 5,04gDigrS5kc9YWfZHwBETP,,Hands All Over (Revised International Standard version),https://i.scdn.co/image/ab67616d0000b2739585ff55fff75c5c07a619cb,66,216200,Misery,Maroon 5,Hands All Over (Revised International Standard version),Pop,Pop Rock,0.6000000000000001,0.8,melancholic,2010,2010s,"breakup, heartbreak, emotional pain",0.0,False,0.22176772237656
Top 50 Mundo,7tI8dRuH2Yc6RuoTjxo4dU,Who,Jimin,1oSPZhvZMIrWW5I41kPkkY,,MUSE,https://i.scdn.co/image/ab67616d0000b273f02c451189a709b9a952aaec,86,170887,Who,Jimin,MUSE,Pop,K-Pop/R&B,0.6000000000000001,0.7000000000000001,"pensive, smooth",2024,2020s,"Identidade, busca por um amor",0.0,False,0.21950621940109993
Top anos 2000,1xWqV090Rhpup5egYvqkAs,Perdendo Dentes,Pato Fu,4NSbUIfUAkaedUIm8eJ631,,Isopor,https://i.scdn.co/image/ab67616d0000b2734fbd5e88e646b362affeedbd,40,260800,Perdendo Dentes,Pato Fu,Isopor,Rock,Alternative Rock,0.6000000000000001,0.7000000000000001,playful,2000,2000s,"childhood, memory, the passage of time",0.0,False,0.21950621940109993
Top anos 2010,4vHOJK3A4vxlMjVEBdL8Xs,Rua Augusta,Emicida,2d9LRvQJnAXRijqIJDDs2K,,Emicidio,https://i.scdn.co/image/ab67616d0000b2738e2cc04d7c1ed2beb3216ff2,36,153053,Rua Augusta,Emicida,Emicidio,Hip Hop,Brazilian Hip Hop,0.6000000000000001,0.6000000000000001,Reflective,2010,2010s,"Life in the city, social observations, personal reflections, street life",0.05,True,0.21387171647214148
Top anos 2010,1HHeOs6zRdF8Ck58easiAY,Alejandro,Lady Gaga,1HY2Jd0NmPuamShAr6KMms,,The Fame Monster (Deluxe Edition),https://i.scdn.co/image/ab67616d0000b2735c9890c0456a3719eeecd8aa,70,274213,Alejandro,Lady Gaga,The Fame Monster (Deluxe Edition),Pop,Dance-Pop,0.6000000000000001,0.8,dramatic,2009,2000s,"heartbreak, letting go of past lovers, devotion",0.0,False,0.21364962192305334
"Top 70, 80 e 90",1HPJOoIVdUPuaebxzMrVaD,Words - Original Version 1983,F.R. David,6GnCucI2uDaYj1j39GFxkn,,Words,https://i.scdn.co/image/ab67616d0000b2734742af6d5c9eae5f7f63ee5e,74,208000,Words - Original Version 1983,F.R. David,Words,Synth-pop,Italo-disco,0.6000000000000001,0.6000000000000001,melancholic,1982,1980s,"unspoken feelings, love, communication",0.05,False,0.20812569321328858
Top anos 2010,47Slg6LuqLaX0VodpSCvPt,Just the Way You Are,Bruno Mars,0du5cEVh5yTK9QJze8zA0C,,Doo-Wops & Hooligans,https://i.scdn.co/image/ab67616d0000b273f60070dce96a2c1b70cf6ff0,80,220734,Just the Way You Are,Bruno Mars,Doo-Wops & Hooligans,Pop,Soul-Pop,0.6000000000000001,0.6000000000000001,Romantic,2010,2010s,"Unconditional love, admiring someone's natural beauty, acceptance",0.05,False,0.20469182305587505
Top anos 2000,2YgAAAq8h7nPIMVLVVSHtK,Um Anjo do Céu,Maskavo,4wvAGBushcLkCZ1lEZsYMf,,Já,https://i.scdn.co/image/ab67616d0000b2733e9917ee3490cd296517e604,61,199040,Um Anjo do Céu,Maskavo,Já,Reggae,Pop Rock,0.6000000000000001,0.65,"calm, romantic",2000,2000s,"Amor idealizado, pessoa como anjo",0.0,False,0.20250433116362032
Top anos 2010,5yqbISO0lUFwY3wdrLgiR0,Eu Gosto Dela,Emicida,2d9LRvQJnAXRijqIJDDs2K,,Emicidio,https://i.scdn.co/image/ab67616d0000b2738e2cc04d7c1ed2beb3216ff2,48,197746,Eu Gosto Dela,Emicida,Emicidio,Hip Hop,Brazilian Hip Hop,0.6000000000000001,0.55,Romantic,2010,2010s,"Admiration for a woman, love, appreciating simplicity and beauty",0.08,False,0.18782107610617232
Top anos 2010,15JINEqzVMv3SvJTAXAKED,Love The Way You Lie,Eminem,7dGJo4pcD2V6oG8kP0tJRR,,Recovery,https://i.scdn.co/image/ab67616d0000b273c08d5fa5c0f1a834acef5100,85,263373,Love The Way You Lie,Eminem,Recovery,Hip Hop,Pop Rap,0.6000000000000001,0.9,dark,2010,2010s,"abusive relationships, love-hate, domestic violence",0.0,True,0.18308991291972415
"Top 70, 80 e 90",4ilhAiU52ZiHlfmQbmfhWq,Fourth Rendez-Vous,Jean-Michel Jarre,5MhLmv7GgyjbxGqiIGasvT,,Rendez-Vous,https://i.scdn.co/image/ab67616d0000b2737defa97dd1f0bcc90bc7acfa,42,238226,Fourth Rendez-Vous,Jean-Michel Jarre,Rendez-Vous,Electronic,Ambient,0.5,0.6000000000000001,Atmospheric,1986,1980s,"Instrumental, atmospheric exploration",0.9500000000000001,False,0.17378014482225548
Top anos 2010,7wqojWtf69NNjw3P5wMst6,Felicidade,Marcelo Jeneci,21LI2q2QDyaNjyfXaWWTOE,,Feito Pra Acabar,https://i.scdn.co/image/ab67616d0000b2730f79af98814bfacf5a01ca2b,60,252600,Felicidade,Marcelo Jeneci,Feito Pra Acabar,MPB,Indie Pop,0.6000000000000001,0.55,happy,2010,2010s,"happiness, contentment, simple joys",0.0,False,0.14895796251366242
Top anos 2010,3oUphdZVPyrsprZ8FgbmQS,I Need A Dollar,Aloe Blacc,0id62QV2SZZfvBn9xpmuCl,,Good Things,https://i.scdn.co/image/ab67616d0000b273da3cc2c4204afde1c08431d5,69,243053,I Need A Dollar,Aloe Blacc,Good Things,Soul,Neo Soul,0.6000000000000001,0.55,reflective,2010,2010s,"financial struggle, desperation, social commentary",0.0,False,0.14840118455744508
Top 50 Mundo,4WFgvKVfEhb3IUAFGrutTR,Love Me Not,Ravyn Lenae,5RTLRtXjbXI2lSXc6jxlAz,,Bird's Eye,https://i.scdn.co/image/ab67616d0000b273ef985ba96e76a9574cc68a30,89,213466,Love Me Not,Ravyn Lenae,Bird's Eye,R&B/Soul,Neo-Soul,0.6000000000000001,0.45,"mellow, introspective",2024,2020s,"Amor próprio, condições de relacionamento",0.0,False,0.1117127152621606
Top 50 Mundo,6TZTu1F0gnp8mtzvYZao41,The Addams Family,Andrew Gold,5fmvGUlMVgmnCn45f1he7d,,Halloween Howls: Fun & Scary Music,https://i.scdn.co/image/ab67616d0000b273a27520a763055c625e1f2be8,76,84560,The Addams Family,Andrew Gold,Halloween Howls: Fun & Scary Music,Novelty,Instrumental,0.6000000000000001,0.65,"spooky, playful",1996,1990s,Instrumental (Tema da Família Addams),0.9,False,0.11086465093956296
Top 50 Mundo,2QjOHCTQ1Jl3zawyYOpxh6,Sweater Weather,The Neighbourhood,77SW9BnxLY8rJ0RciFqkHh,,I Love You.,https://i.scdn.co/image/ab67616d0000b2738265a736a1eb838ad5a0b921,91,240400,Sweater Weather,The Neighbourhood,I Love You.,Indie Rock,Dream Pop,0.61,0.48,"calm, sensual",2013,2010s,"Intimidade, conforto no amor, frio",0.01,False,0.10302903935869438
"Top 70, 80 e 90",4RvWPyQ5RL0ao9LPZeSouE,Everybody Wants To Rule The World,Tears For Fears,4bthk9UfsYUYdcFyqxmSUU,,Songs From The Big Chair (Super Deluxe Edition),https://i.scdn.co/image/ab67616d0000b27322463d6939fec9e17b2a6235,87,251488,Everybody Wants To Rule The World,Tears For Fears,Songs From The Big Chair (Super Deluxe Edition),New Wave,Synth-pop,0.65,0.75,reflective,1985,1980s,"power, control, political commentary, freedom",0.1,False,0.10220640269118493
Top 50 Brasil,4W9nFl732s6NdToGaCfiSl,Grau de Maluca - Ao Vivo,Guilherme & Benuto,6m6e7D2TnV0aYMllFFwMxu,,"+ Amor, + Música Vol. 3 (Ao Vivo)",https://i.scdn.co/image/ab67616d0000b273c6e6d9e8ae6858b0da472dc6,79,172440,Grau de Maluca - Ao Vivo,Guilherme & Benuto,"+ Amor, + Música Vol. 3 (Ao Vivo)",Sertanejo,Sertanejo Universitário,0.65,0.7000000000000001,"Energetic, playful, romantic",2023,2020s,"Crazy love, intense relationships, passion",0.1,False,0.10132337303709424
Top anos 2000,5XBbWc6Te4jxkmEncC1CCH,Balada do Amor Inabalável,Skank,4C4kpaAdp6aKSkguw40SsU,,Maquinarama,https://i.scdn.co/image/ab67616d0000b273aafa3a333abebc525aa8c47c,55,240533,Balada do Amor Inabalável,Skank,Maquinarama,Pop Rock,Brazilian Rock,0.65,0.75,"Romantic, melancholic, hopeful",2000,2000s,"Enduring love, resilience of a relationship",0.1,False,0.10012712077325776
Top anos 2000,3mNecsYFb6LQg7822DPXCP,Absolutely (Story of a Girl) - Radio Mix,Nine Days,306JHpIRGVaQd6OltnOzUO,,The Madding Crowd,https://i.scdn.co/image/ab67616d0000b273df51a705c36af75f7ecbf181,64,189333,Absolutely (Story of a Girl) - Radio Mix,Nine Days,The Madding Crowd,Pop Rock,"Alternative Rock, Power Pop",0.65,0.75,"Upbeat, nostalgic, romantic",2000,2000s,"Love, adoration, observing a person's life story",0.1,False,0.09860245326183052
"Top 70, 80 e 90",709ffFK4o4MtG1NKoLvOma,Major Tom (Coming Home),Peter Schilling,7ip3CWlgPZbQHvgJpmcGSS,,The Different Story (World Of Lust And Crime),https://i.scdn.co/image/ab67616d0000b273da10e566a05c4c506a424f3a,63,301373,Major Tom (Coming Home),Peter Schilling,The Different Story (World Of Lust And Crime),Synth-pop,New Wave,0.65,0.7000000000000001,mysterious,1983,1980s,"space travel, isolation, longing for home",0.1,False,0.09676108239169556
Top anos 2000,1sxUaLi0G2vB7dl4ogtCxH,Never Let You Go - 2008 Remaster,Third Eye Blind,6TcnmlCSxihzWOQJ8k0rNS,,Blue,https://i.scdn.co/image/ab67616d0000b273651ac92d939a31217c54a1cb,67,237240,Never Let You Go - 2008 Remaster,Third Eye Blind,Blue,Alternative Rock,"Pop Rock, Power Pop",0.65,0.78,"Upbeat, romantic, hopeful",1999,1990s,"Devotion, longing, unrequited love",0.1,False,0.09598501535465817
Top anos 2000,2avKuMN2QXkaG9vvHa2JLt,Take A Look Around,Limp Bizkit,165ZgPlLkK7bf5bDoFc6Sb,,Chocolate Starfish And The Hot Dog Flavored Water,https://i.scdn.co/image/ab67616d0000b2734a31b146c7cf07705d912efe,80,321040,Take A Look Around,Limp Bizkit,Chocolate Starfish And The Hot Dog Flavored Water,Nu Metal,Rap Metal,0.65,0.92,Aggressive,2000,2000s,"Anger, paranoia, social commentary, rebellion",0.08,True,0.09595336524558296
Top 50 Brasil,17tg01y3RhlfRKMnd333yL,Apaga Apaga Apaga - Ao Vivo,Danilo e Davi,5DaqVKaxeqDbJuxaIP9m4u,,Toma Essa Verdade (Ao Vivo),https://i.scdn.co/image/ab67616d0000b2730d5f00c853be5debb5eba851,83,178882,Apaga Apaga Apaga - Ao Vivo,Danilo e Davi,Toma Essa Verdade (Ao Vivo),Sertanejo,Sertanejo Universitário,0.65,0.7000000000000001,"Energetic, lively, party",2023,2020s,"Drinking, forgetting ex, moving on",0.1,False,0.09418245583457635
Top 50 Brasil,4V2rUOmaevK0C1bKAkeFf5,Eu Te Seguro - Ao Vivo,Panda,5qIpstBGrGteJZg1xIvbiz,,"Panda Sem Moderação 2, Vol.3",https://i.scdn.co/image/ab67616d0000b273ae0147d756dbb8f2f90d1d28,57,148561,Eu Te Seguro - Ao Vivo,Panda,"Panda Sem Moderação 2, Vol.3",Sertanejo,Sertanejo Universitário,0.65,0.7000000000000001,"Energetic, positive, supportive",2023,2020s,"Friendship, support, resilience, overcoming difficulties",0.1,False,0.09375167500100964
Top 50 Brasil,6tUdNbB9aYbX0sUDXOzX1u,Tubarões - Ao Vivo,Diego & Victor Hugo,3k68C6mNMJL6OaAdWeW2ZF,,Ao Vivo Em Uberlândia Vol. 02,https://i.scdn.co/image/ab67616d0000b273cc07fab36cc6cfdfc415fbb3,79,162580,Tubarões - Ao Vivo,Diego & Victor Hugo,Ao Vivo Em Uberlândia Vol. 02,Sertanejo,Sertanejo Universitário,0.65,0.7000000000000001,"Reflective, emotional, lively",2022,2020s,"Heartbreak, moving on, resilience, drinking",0.1,False,0.09361560822639833
"Top 70, 80 e 90",48p5E25cFPanxuwCTmTpuL,The Promise,When In Rome,3jOO5nZ2XPmc232rNjzqJy,,When In Rome,https://i.scdn.co/image/ab67616d0000b273d12fd00a64529cff635a75f2,72,220960,The Promise,When In Rome,When In Rome,New Wave,Synth-pop,0.65,0.7000000000000001,romantic,1988,1980s,"enduring love, promises, commitment",0.1,False,0.0903399927162366
"Top 70, 80 e 90",1NJJNB4zuYXP3AZDkkVlBX,You Are the One - Remix; 2016 Remaster,a-ha,2jzc5TC5TVFLXQlBNiIUzE,,Time and Again: The Ultimate a-ha,https://i.scdn.co/image/ab67616d0000b2734f1272117af674b7d35f4a42,41,225960,You Are the One - Remix; 2016 Remaster,a-ha,Time and Again: The Ultimate a-ha,Synth-pop,New Wave,0.65,0.7000000000000001,romantic,1988,1980s,"love, devotion, finding the right person",0.1,False,0.0903146791931195
Top anos 2000,2aGw77pZqli064JiPuXYRi,I'm Like A Bird,Nelly Furtado,2jw70GZXlAI8QzWeY2bgRc,,"Whoa, Nelly! (Expanded Edition)",https://i.scdn.co/image/ab67616d0000b273709087714422d592d6591f41,74,243160,I'm Like A Bird,Nelly Furtado,"Whoa, Nelly! (Expanded Edition)",Pop,"Alternative Pop, Folk Pop",0.65,0.65,"Dreamy, free-spirited, introspective",2000,2000s,"Freedom, independence, escape, uncertainty in love",0.1,False,0.08883951648766833
Top anos 2000,0rRboI6IRuGx56Dq3UdYY4,Because I Got High,Afroman,4Icvbp9RDt5aY2TWDOVDsr,,The Good Times,https://i.scdn.co/image/ab67616d0000b273734b1164a9e0faa980ce1b92,66,197760,Because I Got High,Afroman,The Good Times,Hip Hop,"Novelty Rap, Stoner Rap",0.65,0.65,"Humorous, relaxed, ironic",2000,2000s,Marijuana use and its humorous consequences,0.1,True,0.08732168778274059
Top anos 2000,0NFVg74sSsdU1gNc9xfpIO,Aonde Quer Que Eu Vá,Os Paralamas Do Sucesso,7EM9m7HOXxVgP9oEpDDv70,,Arquivo II 1991 - 2000,https://i.scdn.co/image/ab67616d0000b273af8fa8c7194e5dc629218299,71,257333,Aonde Quer Que Eu Vá,Os Paralamas Do Sucesso,Arquivo II 1991 - 2000,Pop Rock,"Brazilian Rock, Reggae",0.65,0.65,"Romantic, melancholic, reflective",2000,2000s,"Enduring love, longing for a loved one",0.1,False,0.08053087757637371
"Top 70, 80 e 90",3NmV8Qw6t2jlbWz8qRzaOx,Nowhere Fast,Fire Inc.,41pLvk2oM6XBHjqi1JkTXF,,Streets Of Fire,https://i.scdn.co/image/ab67616d0000b273e1b7bdd208bcfcd89d2dd1ed,0,362466,Nowhere Fast,Fire Inc.,Streets Of Fire,Rock,Soundtrack,0.65,0.85,Intense,1984,1980s,"Freedom, escape, rebellion",0.08,False,0.0792412808013491
Top anos 2000,6sXVRSNPjhTX12XmVJNZ0H,Meu Reggae É Roots,Natiruts,4PhdYoQGH8s1xee81dqQOO,,Povo Brasileiro,https://i.scdn.co/image/ab67616d0000b273f05085f4ab3721779e35f26a,47,209933,Meu Reggae É Roots,Natiruts,Povo Brasileiro,Reggae,"Brazilian Reggae, Roots Reggae",0.65,0.65,"Relaxed, positive, uplifting",1997,1990s,"Cultural identity, passion for reggae music, authenticity",0.1,False,0.07798355007922765
Top anos 2000,35AcuRlS0EryZrabQubAA4,O Carcará E A Rosa,Natiruts,4PhdYoQGH8s1xee81dqQOO,,Povo Brasileiro,https://i.scdn.co/image/ab67616d0000b273f05085f4ab3721779e35f26a,48,228800,O Carcará E A Rosa,Natiruts,Povo Brasileiro,Reggae,"Brazilian Reggae, Roots Reggae",0.65,0.65,"Relaxed, romantic, soulful",1997,1990s,"Love, nature, Brazilian culture, resilience",0.1,False,0.07752962487984964
Top anos 2010,1EoHEkVcysf4WVDx6r9WzQ,Over,Drake,3TVXtAsR1Inumwj472S9r4,,Thank Me Later (Int'l Version),https://i.scdn.co/image/ab67616d0000b27372babba16ea5e3afe690b4f1,63,233560,Over,Drake,Thank Me Later (Int'l Version),Hip Hop,Pop Rap,0.65,0.7000000000000001,Confident,2010,2010s,"Success, leaving past struggles behind, confidence, proving doubters wrong",0.05,True,0.07735985397491127
Top anos 2000,5eS43KfdjIfUWxAXpfXT8x,Contexto,Planet Hemp,3nasa4yabzvUeb6DzejDYU,,A Invasão do Sagaz Homem Fumaça,https://i.scdn.co/image/ab67616d0000b2735c8ad3fe084f5885fff30c68,51,225293,Contexto,Planet Hemp,A Invasão do Sagaz Homem Fumaça,Rap Rock,"Brazilian Hip Hop, Stoner Rock",0.65,0.88,"Aggressive, critical, rebellious",2000,2000s,"Social criticism, drug culture, rebellion",0.08,True,0.0738798511981024
"Top 70, 80 e 90",1wrT33b6HuKlpk9ziscEUY,Baby Jane - 2008 Remaster,Rod Stewart,2y8Jo9CKhJvtfeKOsYzRdT,,Body Wishes,https://i.scdn.co/image/ab67616d0000b273bcf214aa282a19326c295e31,67,283493,Baby Jane - 2008 Remaster,Rod Stewart,Body Wishes,Pop Rock,New Wave,0.65,0.8,Upbeat,1983,1980s,"Unrequited love, longing, nostalgia",0.07,False,0.0737250219470427
Top 50 Brasil,6Kyl2nFgU0J8WBlbBvDv6g,Coração Partido (Corazón Partío) - Ao Vivo,Grupo Menos É Mais,6vTqEFbTtTRJsuIpzZgjxi,,Churrasquinho 3 (Ao Vivo),https://i.scdn.co/image/ab67616d0000b2735645e61562deebdda78755b6,80,195794,Coração Partido (Corazón Partío) - Ao Vivo,Grupo Menos É Mais,Churrasquinho 3 (Ao Vivo),Pagode,Pagode Romântico,0.65,0.6000000000000001,"Melancholic, longing, romantic, nostalgic",2023,2020s,"Heartbreak, lost love, suffering",0.1,False,0.0703233507167114
"Top 70, 80 e 90",5vmRQ3zELMLUQPo2FLQ76x,Smalltown Boy,Bronski Beat,2wpWOzQE5TpA0dVnh5YD08,,The Age of Consent,https://i.scdn.co/image/ab67616d0000b2732ec4aea38b44eba9756767fa,77,302413,Smalltown Boy,Bronski Beat,The Age of Consent,Synth-Pop,New Wave,0.65,0.7000000000000001,Melancholic,1984,1980s,"Homophobia, escape, identity",0.05,False,0.0675512642456652
"Top 70, 80 e 90",4r3ITHVQzLO3lSLc8t8h0F,Juliet,Robin Gibb,4vZduJO8Uukqzx64de5JxV,,How Old Are You?,https://i.scdn.co/image/ab67616d0000b2736d25289dee4bdd62d2e006bb,0,228000,Juliet,Robin Gibb,How Old Are You?,Pop,Disco-Pop,0.65,0.75,Romantic,1983,1980s,"Love, longing, lost relationship",0.05,False,0.06692195284321371
"Top 70, 80 e 90",21jBRxUvrWXTwBfGnQwyVy,"Another Brick In The Wall, Pt. 2 - 2011 Remastered Version",Pink Floyd,0k17h0D3J5VfsdmQ1iZtE9,,The Wall [2011 - Remaster] (2011 Remastered Version),https://i.scdn.co/image/ab67616d0000b27331f8c6d9e21df18ddcb51e5e,1,238746,"Another Brick In The Wall, Pt. 2 - 2011 Remastered Version",Pink Floyd,The Wall [2011 - Remaster] (2011 Remastered Version),Progressive Rock,Disco-Rock,0.65,0.8,Rebellious,1979,1970s,"Rebellion against authority, education criticism",0.05,False,0.06659501387179804
Top anos 2000,0vyKzl0o1lem1sHg5wXgSD,Sentimento Bom,Circuito Reggae,07N5hTxdi3rA5cyaf469Ly,,"Circuito Reggae, Vol. 8",https://i.scdn.co/image/ab67616d0000b27344a0c3bb7861f74e56890e6f,50,241813,Sentimento Bom,Circuito Reggae,"Circuito Reggae, Vol. 8",Reggae,Brazilian Reggae,0.65,0.6000000000000001,calm,2011,2010s,"good feelings, positive vibes, love",0.1,False,0.06466199553800586
Top anos 2000,0v1XpBHnsbkCn7iJ9Ucr1l,It's My Life,Bon Jovi,58lV9VcRSjABbAbfWS6skp,,Crush,https://i.scdn.co/image/ab67616d0000b2737a231174875d7930de9dad58,81,224493,It's My Life,Bon Jovi,Crush,Hard Rock,"Pop Rock, Arena Rock",0.65,0.88,"Empowering, determined, anthemic",2000,2000s,"Self-determination, living life on your own terms",0.08,False,0.06221420405033125
Top 50 Brasil,6IFF888dQ0P6ilbj4kL6G8,Aquele Lugar - Ao Vivo,Grupo Menos É Mais,6vTqEFbTtTRJsuIpzZgjxi,,MOLHO (Ao Vivo),https://i.scdn.co/image/ab67616d0000b273c89ff3434d85f33354c929b8,69,167528,Aquele Lugar - Ao Vivo,Grupo Menos É Mais,MOLHO (Ao Vivo),Pagode,Pagode Romântico,0.65,0.6000000000000001,"Nostalgic, romantic, longing",2021,2020s,"Memories, past relationships, longing for a place/person",0.1,False,0.06083638205350763
"Top 70, 80 e 90",08PP0o3TlppvLzNQPrEpvW,The Final Countdown,Europe,7Js6Lde8thlIHXggv2SCBz,,Top Gun Deluxe Edition,https://i.scdn.co/image/ab67616d0000b2734183c30e35c581134ffc0887,35,237146,The Final Countdown,Europe,Top Gun Deluxe Edition,Hard Rock,Glam Metal,0.65,0.9500000000000001,Epic,1986,1980s,"Departure, exploration, finality",0.05,False,0.05983376167512462
Top anos 2010,0SiywuOBRcynK0uKGWdCnn,Bad Romance,Lady Gaga,1HY2Jd0NmPuamShAr6KMms,,The Fame Monster (Deluxe Edition),https://i.scdn.co/image/ab67616d0000b2735c9890c0456a3719eeecd8aa,85,294573,Bad Romance,Lady Gaga,The Fame Monster (Deluxe Edition),Pop,Dance-Pop,0.65,0.9,dramatic,2009,2000s,"obsessive love, dark romance, desire",0.01,False,0.05088509465841666
Top anos 2010,3ZdJffjzJWFimSQyxgGIxN,Just A Dream,Nelly,2gBjLmx6zQnFGQJCAQpRgw,,5.0,https://i.scdn.co/image/ab67616d0000b273ad198c2dfdaf6b7fdc460df7,78,237800,Just A Dream,Nelly,5.0,Hip Hop,Pop Rap,0.65,0.7000000000000001,sad,2010,2010s,"heartbreak, regret, lost love",0.0,False,0.047505604834019444
Top anos 2010,235LXPXfi0SmOaS9TaCh3c,Teenage Dream,Katy Perry,6jJ0s89eD6GaHleKKya26X,,Teenage Dream,https://i.scdn.co/image/ab67616d0000b273f619042d5f6b2149a4f5e0ca,68,227741,Teenage Dream,Katy Perry,Teenage Dream,Pop,Dance-Pop,0.65,0.75,romantic,2010,2010s,"young love, intense feelings, desire for eternal youth",0.0,False,0.04251488772202647
Top anos 2010,2M9ULmQwTaTGmAdXaXpfz5,Billionaire (feat. Bruno Mars),Travie McCoy,7o9Nl7K1Al6NNAHX6jn6iG,,Billionaire (feat. Bruno Mars),https://i.scdn.co/image/ab67616d0000b27337ce3dd20c2318e13c6608ed,70,211160,Billionaire (feat. Bruno Mars),Travie McCoy,Billionaire (feat. Bruno Mars),Hip Hop,Pop Rap,0.65,0.7000000000000001,hopeful,2010,2010s,"wealth fantasy, generosity, aspirations",0.0,False,0.04233531511868418
"Top 70, 80 e 90",2FHnN5ELL83TGbtXMDzoiJ,I Like Chopin,Gazebo,1Tzu45aHnn0Xz4msfhHRW1,,Portrait,https://i.scdn.co/image/ab67616d0000b27318489610a4971e31173ef6a9,60,291720,I Like Chopin,Gazebo,Portrait,Pop,Italo-Disco/Synth-Pop,0.65,0.6000000000000001,"romantic, nostalgic",1983,1980s,"Romance, memória, música clássica",0.05,False,0.04134999510011461
Top 50 Mundo,6dOtVTDdiauQNBQEDOtlAB,BIRDS OF A FEATHER,Billie Eilish,6qqNVTkY8uBg9cP3Jd7DAH,,HIT ME HARD AND SOFT,https://i.scdn.co/image/ab67616d0000b27371d62ea7ea8a5be92d3c1f62,94,210373,BIRDS OF A FEATHER,Billie Eilish,HIT ME HARD AND SOFT,Pop,New Wave/Pop,0.65,0.7000000000000001,"breezy, romantic",2024,2020s,"Amor profundo, conexão duradoura",0.01,False,0.037100374040358805
Top anos 2010,2gZUPNdnz5Y45eiGxpHGSc,POWER,Kanye West,5K4W6rqBFWDnAN6FQUkS6x,,My Beautiful Dark Twisted Fantasy,https://i.scdn.co/image/ab67616d0000b273d9194aa18fa4c9362b47464f,78,292093,POWER,Kanye West,My Beautiful Dark Twisted Fantasy,Hip Hop,Art Rap,0.65,0.9500000000000001,epic,2010,2010s,"power, ego, ambition, self-critique",0.0,True,0.036204343272654274
Top 50 Mundo,05od2qm2MTSKCHxy1GBp5W,12 to 12,sombr,4G9NDjRyZFDlJKMRL8hx3S,,I Barely Know Her,https://i.scdn.co/image/ab67616d0000b273d2eb391e0b3c3bc21c127db6,89,242903,12 to 12,sombr,I Barely Know Her,Indie Pop,Alt-Pop,0.65,0.75,"energetic, longing",2025,2020s,"Tempo, relacionamento intenso",0.0,False,0.03617973687945632
Top anos 2010,4HlFJV71xXKIGcU3kRyttv,"Hey, Soul Sister",Train,3FUY2gzHeIiaesXtOAdB7A,,"Save Me, San Francisco (Golden Gate Edition)",https://i.scdn.co/image/ab67616d0000b2736ff8bc258e3ebc835ffe14ca,81,216773,"Hey, Soul Sister",Train,"Save Me, San Francisco (Golden Gate Edition)",Pop,Acoustic Pop,0.65,0.7000000000000001,happy,2009,2000s,"love, admiration, simple affection",0.0,False,0.03535094774430462
Top anos 2000,3zYufmyv6HOuiHn1eMR6Ja,Desert Rose,Sting,0Ty63ceoRnnJKVEYP0VQpk,,Brand New Day,https://i.scdn.co/image/ab67616d0000b273db85318130166610d4095c51,66,285960,Desert Rose,Sting,Brand New Day,Pop,Worldbeat,0.65,0.7000000000000001,mystical,1999,1990s,"longing, desire, desert imagery, love",0.0,False,0.034250013893772246
Top 50 Mundo,2BwO5K8Q7EPAJSGze3AAh9,Manchild,Sabrina Carpenter,74KM79TiuVKeVCqs8QtB0B,,Man’s Best Friend,https://i.scdn.co/image/ab67616d0000b273b1863bf95557ea7f357c4947,88,213645,Manchild,Sabrina Carpenter,Man’s Best Friend,Pop,Pop/R&B,0.65,0.75,"playful, confident",2025,2020s,Relacionamento com homem imaturo,0.0,True,0.03423567200171356
Top 50 Mundo,1CPZ5BxNNd0n0nF4Orb9JS,Golden,HUNTR/X,2yNNYQBChuox9A5Ka93BIn,,KPop Demon Hunters (Soundtrack from the Netflix Film),https://i.scdn.co/image/ab67616d0000b2734dcb6c5df15cf74596ab25a4,99,194607,Golden,HUNTR/X,KPop Demon Hunters (Soundtrack from the Netflix Film),K-Pop,K-Pop/Pop-Rock,0.65,0.85,energetic,2024,2020s,"Inspiração, superação",0.0,False,0.033472502599162665
Top anos 2010,3MeL7vAsVbgSrGFd0HioaJ,Forget You,CeeLo Green,5nLYd9ST4Cnwy6NHaCxbj8,,The Lady Killer (Deluxe),https://i.scdn.co/image/ab67616d0000b2731c44d79c994c1a26aa387617,50,222733,Forget You,CeeLo Green,The Lady Killer (Deluxe),R&B,Soul Pop,0.65,0.7000000000000001,sarcastic,2010,2010s,"breakup, anger, moving on",0.0,True,0.03134649943391206
"Top 70, 80 e 90",4BFMQ15vXr626UOoZL8bUI,"(I've Had) The Time of My Life - From ""Dirty Dancing"" Soundtrack",Bill Medley,1XE70WwxhnrXNAJYQQ9ygx,,Platinum & Gold Collection,https://i.scdn.co/image/ab67616d0000b273927530e44371f0bc1bb296d4,60,289066,"(I've Had) The Time of My Life - From ""Dirty Dancing"" Soundtrack",Bill Medley,Platinum & Gold Collection,Pop/Soul,Pop Rock/Soft Rock,0.65,0.6000000000000001,"romantic, uplifting",1987,1980s,"Momento inesquecível, amor, realização",0.0,False,0.02325943099853528
Top 50 Mundo,6sGIMrtIzQjdzNndVxe397,So Easy (To Fall In Love),Olivia Dean,00x1fYSGhdqScXBRpSj3DW,,The Art of Loving,https://i.scdn.co/image/ab67616d0000b2739a336bfb6d40bbd90a507417,91,169000,So Easy (To Fall In Love),Olivia Dean,The Art of Loving,Soul/R&B,Contemporary R&B,0.65,0.55,"smooth, loving",2023,2020s,Facilidade de se apaixonar,0.0,False,0.01600205238660076
Top anos 2000,3IV4swNduIRunHREK80owz,Rollin' (Air Raid Vehicle),Limp Bizkit,165ZgPlLkK7bf5bDoFc6Sb,,Chocolate Starfish And The Hot Dog Flavored Water,https://i.scdn.co/image/ab67616d0000b2734a31b146c7cf07705d912efe,83,213760,Rollin' (Air Raid Vehicle),Limp Bizkit,Chocolate Starfish And The Hot Dog Flavored Water,Nu Metal,Rap Metal,0.68,0.9500000000000001,"Aggressive, powerful, confident",2000,2000s,"Confidence, partying, rebellion, aggression",0.08,True,0.013470316947363042
Top anos 2000,0bTSa3XGuZg1r0wgM5FLc1,Que Ves - 2000 Digital Remaster,Tihuana,6FvGIOpELnPLxPoyqotQ0Q,,Ilegal,https://i.scdn.co/image/ab67616d0000b273b4c12f1b2e3073039bf422b0,54,205973,Que Ves - 2000 Digital Remaster,Tihuana,Ilegal,Hardcore Punk,"Brazilian Rock, Crossover Thrash",0.68,0.92,"Aggressive, rebellious, confrontational",2000,2000s,"Social criticism, questioning reality, disillusionment",0.08,False,-0.02341607646922081
Top anos 2000,7iXF2W9vKmDoGAhlHdpyIa,Forgot About Dre,Dr. Dre,6DPYiyq5kWVQS4RGwxzPC7,,2001,https://i.scdn.co/image/ab67616d0000b2739b19c107109de740bad72df5,78,222293,Forgot About Dre,Dr. Dre,2001,Hip Hop,"Gangsta Rap, West Coast Hip Hop",0.68,0.85,"Confident, defiant, aggressive",1999,1990s,"Retribution, defending reputation, comeback",0.08,True,-0.02862102438420015
Top 50 Brasil,6B7ot6Wlqf7zt3FCkYl2FJ,Pela Última Vez - Ao Vivo,Grupo Menos É Mais,6vTqEFbTtTRJsuIpzZgjxi,,MOLHO (Ao Vivo),https://i.scdn.co/image/ab67616d0000b273c89ff3434d85f33354c929b8,72,162325,Pela Última Vez - Ao Vivo,Grupo Menos É Mais,MOLHO (Ao Vivo),Pagode,Pagode Romântico,0.68,0.6000000000000001,"Melancholic, longing, romantic",2021,2020s,"Heartbreak, last chance, romantic regret",0.1,False,-0.04058201274128269
Top 50 Mundo,2LlQb7Uoj1kKyGhlkBf9aC,Thriller,Michael Jackson,3fMbdgg4jU18AjLCKBhRSm,,Thriller,https://i.scdn.co/image/ab67616d0000b273de437d960dda1ac0a3586d97,78,357800,Thriller,Michael Jackson,Thriller,Pop,Post-Disco/Funk,0.67,0.78,"dramatic, spooky",1982,1980s,"Terror, suspense, transformação",0.01,False,-0.040873107107964456
Top 50 Brasil,1mnMkTvrPi4iTblXaRvOoi,Vagabundo,Gusttavo Lima,7MiDcPa6UiV3In7lIM71IN,,Vagabundo,https://i.scdn.co/image/ab67616d0000b27371fe23316c04102bea4dff03,77,207136,Vagabundo,Gusttavo Lima,Vagabundo,Sertanejo,Sertanejo Universitário,0.68,0.72,"Confident, playful, party, romantic",2023,2020s,"Relationships, freedom, self-identity, being a 'vagabundo'",0.1,False,-0.0490411761715784
Top 50 Brasil,473DqaeIno75pBbp0bNrkT,Desocupa,Matheus Vargas,61Y0yB7JKvkyHQ5g4Neirl,,Altas Modas,https://i.scdn.co/image/ab67616d0000b2733cd9d90704e7851e5e87cc4f,70,150442,Desocupa,Matheus Vargas,Altas Modas,Sertanejo,Sertanejo Universitário,0.68,0.72,"Confident, assertive, emotional",2023,2020s,"Ending a relationship, moving on, telling an ex to leave",0.1,False,-0.053742382525901924
Top anos 2010,4iZxeyibg6w4EFCOoAQ6Eh,What You Know,Two Door Cinema Club,536BYVgOnRky0xjsPT96zl,,Tourist History,https://i.scdn.co/image/ab67616d0000b273852930b799f484bf60faacb2,75,191400,What You Know,Two Door Cinema Club,Tourist History,Indie Pop,Indie Rock,0.68,0.85,upbeat,2010,2010s,"relationships, self-doubt, social observations",0.0,False,-0.06680709485015213
"Top 70, 80 e 90",60EtAySYm0qBlPj3LSXil6,"The Heat Is On - From ""Beverly Hills Cop"" Soundtrack",Glenn Frey,3vMWY1bUrmYoSoEWLiQWOZ,,Solo Collection,https://i.scdn.co/image/ab67616d0000b2731ac80521a0f1a6b8eec2e392,0,225506,"The Heat Is On - From ""Beverly Hills Cop"" Soundtrack",Glenn Frey,Solo Collection,Rock,Arena Rock/Pop Rock,0.68,0.8300000000000001,"driving, intense",1984,1980s,"Pressão, intensidade, ação",0.0,False,-0.06691523058380304
"Top 70, 80 e 90",1fZasbaEfFWhbJBkzUnWTq,Live Is Life,Opus,5pf1217gT8zcjOFc7oMi47,,Take Me Home Tonight,https://i.scdn.co/image/ab67616d0000b273e94f7dc3c3346b5576d0c32b,0,244666,Live Is Life,Opus,Take Me Home Tonight,Pop Rock,Arena Rock,0.7000000000000001,0.9,exuberant,1984,1980s,"celebration of music, life, togetherness",0.15,False,-0.06793551236220803
Top 50 Mundo,6iOndD4OFo7GkaDypWQIou,La Plena - W Sound 05,W Sound,5uwa6tAMMfNbBFIHiI6NV4,,La Plena (W Sound 05),https://i.scdn.co/image/ab67616d0000b2734740100d84f3667f1eae6870,89,150001,La Plena - W Sound 05,W Sound,La Plena (W Sound 05),Electronic,Afro House/Dance,0.88,0.85,"rhythmic, vibrant",2024,2020s,Instrumental,0.9,False,-0.0846708696565954
"Top 70, 80 e 90",0BKSmrw4dVFlUm1B5sFDqZ,Radio Ga Ga - Remastered 2011,Queen,1dfeR4HaWDbWqFHLkxsg1d,,Greatest Hits II (Remastered),https://i.scdn.co/image/ab67616d0000b273f7c223721f1d860395444dbe,40,343320,Radio Ga Ga - Remastered 2011,Queen,Greatest Hits II (Remastered),Pop Rock,Arena Rock,0.7000000000000001,0.8,nostalgic,1984,1980s,"nostalgia for radio, power of music, technology",0.15,False,-0.09396784753120638
"Top 70, 80 e 90",2HHtWyy5CgaQbC7XSoOb0e,Eye of the Tiger,Survivor,26bcq2nyj5GB7uRr558iQg,,Eye Of The Tiger,https://i.scdn.co/image/ab67616d0000b2734e2755e7a96ec5e062c76aac,77,243773,Eye of the Tiger,Survivor,Eye Of The Tiger,Hard Rock,Arena Rock,0.7000000000000001,0.9,Motivational,1982,1980s,"Perseverance, victory, fighting spirit",0.05,False,-0.10352848657646947
"Top 70, 80 e 90",1z3ugFmUKoCzGsI6jdY4Ci,Like a Prayer,Madonna,6tbjWDEIzxoDsBA1FuhfPW,,Celebration (double disc version),https://i.scdn.co/image/ab67616d0000b2736b44fa8f5415cc4c945117be,74,342680,Like a Prayer,Madonna,Celebration (double disc version),Pop,Gospel Pop,0.7000000000000001,0.9,Spiritual,1989,1980s,"Religious symbolism, spiritual yearning",0.05,False,-0.10352848657646947
Top anos 2000,6Sy9BUbgFse0n0LPA5lwy5,Sandstorm,Darude,0LhHRmSd1EYM5QdNeNnCoQ,,"Before the Storm, Special Edition",https://i.scdn.co/image/ab67616d0000b273f9ef39657ba18c612641ee6d,71,225493,Sandstorm,Darude,"Before the Storm, Special Edition",Trance,"Hard Trance, Progressive Trance",0.92,0.92,"Energetic, driving, euphoric",2000,2000s,Instrumental,0.9,False,-0.11027563144615975
Top 50 Mundo,3RXUgPNIbUgFxsDWuBQEt6,How It’s Done,HUNTR/X,2yNNYQBChuox9A5Ka93BIn,,KPop Demon Hunters (Soundtrack from the Netflix Film),https://i.scdn.co/image/ab67616d0000b2734dcb6c5df15cf74596ab25a4,93,176059,How It’s Done,HUNTR/X,KPop Demon Hunters (Soundtrack from the Netflix Film),K-Pop,K-Pop/Trap-Pop,0.7000000000000001,0.9,"fierce, confident",2024,2020s,"Conquista, mostrar como se faz",0.0,True,-0.1120089416763647
Top 50 Brasil,2De1EHbIhepIVLHZ16bySE,Talvez você precise de mim,Veigh,4YqwRbMLqGHRHLS1w2ZKse,,Eu Venci o Mundo,https://i.scdn.co/image/ab67616d0000b2734dee64ae7ed8d46b9406a3c5,80,126800,Talvez você precise de mim,Veigh,Eu Venci o Mundo,Trap,Trap Romântico,0.7000000000000001,0.65,"Confident, romantic, introspective",2023,2020s,"Love, relationships, self-worth, street life",0.12,True,-0.11308370047787472
Top anos 2010,4IiviKTCCIJSYsWzxCpqsD,Só Sei Dançar Com Você,Tulipa Ruiz,6OokCpvxnYv43WcFqejMLb,,Efêmera,https://i.scdn.co/image/ab67616d0000b273b9f2d7ff308af3837e981eba,54,221253,Só Sei Dançar Com Você,Tulipa Ruiz,Efêmera,MPB,Indie Pop,0.7000000000000001,0.6000000000000001,Romantic,2009,2000s,"Love, intimacy, comfort, dancing with a loved one",0.1,False,-0.11314726741845502
Top anos 2010,7HacxOP2pHeSv1OsraqmDA,Do Lado de Cá,Chimarruts,6rNz4V8ocdBOLgXmLxLVcW,,Só Pra Brilhar,https://i.scdn.co/image/ab67616d0000b2731d82f306a1fa0d32db483694,62,183106,Do Lado de Cá,Chimarruts,Só Pra Brilhar,Reggae,Brazilian Reggae,0.7000000000000001,0.6000000000000001,Relaxed,2010,2010s,"Love, longing, commitment, waiting for someone to join them",0.1,False,-0.11319919526734208
"Top 70, 80 e 90",5ZBSB6VUppEsROi81im6cn,I Was Born To Love You,Freddie Mercury,4M1FpEWs2PeYfJe7xxJfhH,,Messenger Of The Gods: The Singles Collection,https://i.scdn.co/image/ab67616d0000b2737efa80a6be2fa5868c19fa00,0,219373,I Was Born To Love You,Freddie Mercury,Messenger Of The Gods: The Singles Collection,Pop Rock,Synth-pop,0.7000000000000001,0.8,joyful,1985,1980s,"intense love, destiny, devotion",0.1,False,-0.12065587502361023
Top anos 2010,1mXuMM6zjPgjL4asbBsgnt,Firework,Katy Perry,6jJ0s89eD6GaHleKKya26X,,Teenage Dream,https://i.scdn.co/image/ab67616d0000b273f619042d5f6b2149a4f5e0ca,69,227893,Firework,Katy Perry,Teenage Dream,Pop,Dance-Pop,0.7000000000000001,0.85,Empowering,2010,2010s,"Self-empowerment, finding inner strength, embracing individuality",0.05,False,-0.12109909129525176
Top anos 2000,52LJ3hyknOijCrE5gCD0rE,L'Amour Toujours,Gigi D'Agostino,1OAjDaKgg00KCUYqDe68un,,L'Amour Toujours,https://i.scdn.co/image/ab67616d0000b27395c70cc04573417548b47199,76,242053,L'Amour Toujours,Gigi D'Agostino,L'Amour Toujours,Electronic,Eurodance,0.7000000000000001,0.85,euphoric,1999,1990s,"love, desire, universal connection",0.05,False,-0.12390286041387566
Top anos 2010,1Bx0zEdVjkFlV27iKaePug,Man Down,Rihanna,5pKCCKE2ajJHZ9KAiaK11H,,Loud,https://i.scdn.co/image/ab67616d0000b2732ed326786e4c61c6b1dbf222,73,267000,Man Down,Rihanna,Loud,R&B,Dancehall,0.7000000000000001,0.6000000000000001,Intense,2010,2010s,"Revenge, crime, regret after committing a violent act, self-defense",0.05,True,-0.12472273213857765
Top 50 Brasil,3cwVKjzKSTfvacYJF6Tkub,Última Noite - Solo,Léo Foguete,1DuBkL1pAgaZQHXKPiVr08,,Obrigado Deus,https://i.scdn.co/image/ab67616d0000b273410c1c50cd048f96f817a12d,77,154553,Última Noite - Solo,Léo Foguete,Obrigado Deus,Funk,Funk Consciente,0.7000000000000001,0.65,"Reflective, emotional, somber",2023,2020s,"End of relationship, regret, last night together",0.1,True,-0.1271182636732434
Top anos 2010,7xkQdy0cy5ymoWT7nedvLz,Whatcha Say,Jason Derulo,07YZf4WDAMNwqr4jfgOZ8y,,Jason Derulo (International),https://i.scdn.co/image/ab67616d0000b273293e8055dd8814fcdf4742f7,77,221253,Whatcha Say,Jason Derulo,Jason Derulo (International),R&B,Electropop,0.7000000000000001,0.6000000000000001,Emotional,2009,2000s,"Apology, regret, trying to reconcile after a mistake in a relationship",0.05,False,-0.12907953686413706
Top 50 Mundo,1sUdq3kWa9dJXHu3eYOUll,"Spooky, Scary Skeletons - Undead Tombstone Remix",Andrew Gold,5fmvGUlMVgmnCn45f1he7d,,Halloween Howls: Fun & Scary Music (Deluxe Edition),https://i.scdn.co/image/ab67616d0000b273a3cf7d524baed9e303302918,81,125624,"Spooky, Scary Skeletons - Undead Tombstone Remix",Andrew Gold,Halloween Howls: Fun & Scary Music (Deluxe Edition),Children's,Electronic/Remix,0.7000000000000001,0.8,"fun, spooky",2013,2010s,"Esqueletos, Halloween",0.1,False,-0.1294068119276995
Top 50 Mundo,2N9miXnewVmUrgl6JSK1FI,SPAGHETTI,LE SSERAFIM,4SpbR6yFEvexJuaBpgAU5p,,SPAGHETTI,https://i.scdn.co/image/ab67616d0000b2736c4a726c271daf4a4b97e35b,82,172313,SPAGHETTI,LE SSERAFIM,SPAGHETTI,K-Pop,Dance-Pop,0.7000000000000001,0.85,"confident, energetic",2024,2020s,"Autoconfiança, empoderamento",0.0,False,-0.13086898231533337
"Top 70, 80 e 90",3mRM4NM8iO7UBqrSigCQFH,"Stayin' Alive - From ""Saturday Night Fever"" Soundtrack",Bee Gees,1LZEQNv7sE11VDY3SdxQeN,,Greatest,https://i.scdn.co/image/ab67616d0000b27352038992fc6d7868f31d23b7,79,285373,"Stayin' Alive - From ""Saturday Night Fever"" Soundtrack",Bee Gees,Greatest,Disco,Funk/Pop,0.7000000000000001,0.85,"confident, energetic",1977,1970s,"Sobrevivência, atitude na cidade",0.01,False,-0.13088309246268673
"Top 70, 80 e 90",5MTQHfYH4RkJMtmtBQmnEj,Down Under,Men At Work,0f3EsoviYnRKTkmayI3cux,,The Essential Men At Work,https://i.scdn.co/image/ab67616d0000b273915d3557be11cf6820aaa785,50,223760,Down Under,Men At Work,The Essential Men At Work,New Wave,Pop Rock,0.7000000000000001,0.8,playful,1981,1980s,"Australian identity, travel, cultural commentary",0.1,False,-0.13148844721172798
Top anos 2010,455AfCsOhhLPRc68sE01D8,Last Friday Night (T.G.I.F.),Katy Perry,6jJ0s89eD6GaHleKKya26X,,Teenage Dream: The Complete Confection,https://i.scdn.co/image/ab67616d0000b273937af329667311f4b2831616,74,230746,Last Friday Night (T.G.I.F.),Katy Perry,Teenage Dream: The Complete Confection,Pop,Dance-Pop,0.7000000000000001,0.85,playful,2010,2010s,"partying, wild nights, forgetting responsibilities",0.0,True,-0.13284223252482724
Top anos 2010,4g5TnkdXNC2blq6pBS22Ig,Então Toma,Emicida,2d9LRvQJnAXRijqIJDDs2K,,Emicidio,https://i.scdn.co/image/ab67616d0000b2738e2cc04d7c1ed2beb3216ff2,33,166586,Então Toma,Emicida,Emicidio,Hip Hop,Brazilian Hip Hop,0.7000000000000001,0.8,Aggressive,2010,2010s,"Social commentary, criticism of the system, calling out hypocrisy, self-assertion",0.05,True,-0.13604969010729215
Top 50 Mundo,6V4ntlX6608rd3Ec5SpVhj,Berghain,ROSALÍA,7ltDVBr6mKbRvohxheJ9h1,,Berghain,https://i.scdn.co/image/ab67616d0000b27308256748d3e6c3ed016cab16,83,178853,Berghain,ROSALÍA,Berghain,Pop,Experimental Pop/Electrónica,0.72,0.88,"intense, dark, energetic",2025,2020s,"Festa, intensidade, local de dança",0.1,True,-0.13800289885131523
Top anos 2010,1kMuU3TNQvHbqvXCWBodmP,Right Above It,Lil Wayne,55Aa2cqylxrFIXC767Z865,,I Am Not A Human Being,https://i.scdn.co/image/ab67616d0000b273229411bccce65156241b6190,70,271946,Right Above It,Lil Wayne,I Am Not A Human Being,Hip Hop,Trap,0.7000000000000001,0.8,Confident,2010,2010s,"Success, wealth, confidence, overcoming obstacles",0.05,True,-0.14451736794218217
Top anos 2010,16sbugRbf9xEKlekuQ7Whm,Imma Be,Black Eyed Peas,1yxSLGMDHlW21z4YXirZDS,,THE E.N.D. (THE ENERGY NEVER DIES) [Deluxe Version],https://i.scdn.co/image/ab67616d0000b2730bd44f5ff9ecc99f7770acc5,66,257560,Imma Be,Black Eyed Peas,THE E.N.D. (THE ENERGY NEVER DIES) [Deluxe Version],Hip Hop,Electro-Pop,0.7000000000000001,0.8,confident,2009,2000s,"futurism, being unique, individuality",0.0,True,-0.14576862003403113
"Top 70, 80 e 90",1TfqLAPs4K3s2rJMoCokcS,Sweet Dreams (Are Made of This) - 2005 Remaster,Eurythmics,0NKDgy9j66h3DLnN8qu1bB,,Sweet Dreams (Are Made Of This),https://i.scdn.co/image/ab67616d0000b273b3994c94dfb241923664bb4d,85,216933,Sweet Dreams (Are Made of This) - 2005 Remaster,Eurythmics,Sweet Dreams (Are Made Of This),Synth-pop,New Wave,0.7000000000000001,0.75,determined,1983,1980s,"ambition, human nature, dreams and reality",0.1,False,-0.14701199997639963
"Top 70, 80 e 90",3Ud6fFep5ZlXzRWw6Sm8no,Walk Of Life,Dire Straits,0WwSkZ7LtFUFjGjMZBMt6T,,Brothers In Arms,https://i.scdn.co/image/ab67616d0000b273995239a0e35a898037ec4b29,2,249960,Walk Of Life,Dire Straits,Brothers In Arms,Rock,Roots Rock,0.7000000000000001,0.8,Upbeat,1985,1980s,"Music, everyday life, simple pleasures",0.05,False,-0.1491539400298277
"Top 70, 80 e 90",6A4Jc8npNo79BOgsrPptLA,Somebody's Watching Me - Single Version,Rockwell,3xs0LEzcPXtgNfMNcHzLIP,,Scream,https://i.scdn.co/image/ab67616d0000b273cde37cfdee48dc0eae1e2ab8,1,237760,Somebody's Watching Me - Single Version,Rockwell,Scream,Funk,Synth-pop,0.7000000000000001,0.7000000000000001,paranoid,1984,1980s,"paranoia, feeling watched, anxiety",0.1,False,-0.1495612906394556
"Top 70, 80 e 90",3yNi5wPnN84O8dKL9yoQEF,Love in Siberia - 2009 - Remaster,Laban,5A490wDfownZLDcpIDOJiL,,Love In Siberia The Best Of Laban,https://i.scdn.co/image/ab67616d0000b273b1db9b87f7366fc2e96e2ed6,43,221013,Love in Siberia - 2009 - Remaster,Laban,Love In Siberia The Best Of Laban,Pop,Synth-Pop/Euro-Disco,0.7000000000000001,0.8,"upbeat, dramatic",1985,1980s,"Amor distante, dificuldade no relacionamento",0.05,False,-0.15078943432639738
Top 50 Mundo,53jnnqFSRGMDB9ADrNriCA,Bloody Mary,Lady Gaga,1HY2Jd0NmPuamShAr6KMms,,Born This Way (International Special Edition Version),https://i.scdn.co/image/ab67616d0000b273a5d31644260279be8d0c46c0,79,244760,Bloody Mary,Lady Gaga,Born This Way (International Special Edition Version),Electropop,Dark Pop/Synth-Pop,0.7000000000000001,0.75,"gothic, dramatic",2011,2010s,"Religião, Mary Magdalene, fé feminina",0.05,False,-0.15263832672641536
"Top 70, 80 e 90",6r8k1vznHrzlEKYxL4dZEe,La Isla Bonita,Madonna,6tbjWDEIzxoDsBA1FuhfPW,,True Blue,https://i.scdn.co/image/ab67616d0000b273de3094d98b62340d3268c7bc,74,242733,La Isla Bonita,Madonna,True Blue,Pop,Latin Pop,0.7000000000000001,0.65,romantic,1986,1980s,"nostalgia, exoticism, past love",0.05,False,-0.15315033279548337
Top anos 2000,3zcBNmJH6ToRCI0WNEIuES,Esperando na janela,Gilberto Gil,7oEkUINVIj1Nr3Wnj8tzqr,,"As canções de eu, tu, eles",https://i.scdn.co/image/ab67616d0000b273452e0fb204aa84bb56a28e94,60,256693,Esperando na janela,Gilberto Gil,"As canções de eu, tu, eles",MPB,Forró,0.7000000000000001,0.65,romantic,2000,2000s,"love, waiting, desire, hope",0.0,False,-0.15353038981414766
Top 50 Mundo,1I37Zz2g3hk9eWxaNkj031,Your Idol,Saja Boys,0BJ2EjOqcfgFvlZXNKrNbE,,KPop Demon Hunters (Soundtrack from the Netflix Film),https://i.scdn.co/image/ab67616d0000b2734dcb6c5df15cf74596ab25a4,93,191537,Your Idol,Saja Boys,KPop Demon Hunters (Soundtrack from the Netflix Film),K-Pop,Teen Pop,0.7000000000000001,0.8,"confident, light",2024,2020s,"Fama, ser um ídolo",0.0,False,-0.15442263665004177
Top anos 2010,6TVmNRrCRzU3NlyuubLIzZ,Amiga da Minha Mulher,Seu Jorge,0i1s9WcIu0PrUvHzALgofo,,"Musica para Churrasco, Vol. 1",https://i.scdn.co/image/ab67616d0000b273dcd1b08fc802e3099a0b501a,67,248080,Amiga da Minha Mulher,Seu Jorge,"Musica para Churrasco, Vol. 1",MPB,Samba-Rock,0.7000000000000001,0.65,playful,2011,2010s,"temptation, infidelity, humor",0.0,False,-0.1561265236993782
Top 50 Brasil,38Ps9Kui6qJjpVqdBOfN5M,P do Pecado - Ao Vivo,Grupo Menos É Mais,6vTqEFbTtTRJsuIpzZgjxi,,MOLHO (Ao Vivo),https://i.scdn.co/image/ab67616d0000b273c89ff3434d85f33354c929b8,75,192367,P do Pecado - Ao Vivo,Grupo Menos É Mais,MOLHO (Ao Vivo),Pagode,Pagode Romântico,0.7000000000000001,0.75,"Romantic, lively, celebratory",2021,2020s,"Love, relationships, temptation",0.08,False,-0.157321631903673
Top 50 Brasil,1N19UVD4GRBFT6UrDaX6rk,Bebe e Vem Me Procurar / Quem Ama Sente Saudade (Ao Vivo),Turma do Pagode,5JG9GISYjRLQUJMH2C6iJ5,,Turma no Quintal (Ao Vivo),https://i.scdn.co/image/ab67616d0000b27347955b951c6a89e1e5a6777a,77,216818,Bebe e Vem Me Procurar / Quem Ama Sente Saudade (Ao Vivo),Turma do Pagode,Turma no Quintal (Ao Vivo),Pagode,Pagode Romântico,0.7000000000000001,0.75,"Lively, nostalgic, romantic, emotional",2023,2020s,"Longing for an ex, reconciliation, drinking, nostalgia",0.08,False,-0.15943690120349824
"Top 70, 80 e 90",2wSAWEYUHkt92X4SBAPqZE,Karma Chameleon - Remastered 2002,Culture Club,6kz53iCdBSqhQCZ21CoLcc,,Colour By Numbers (Remastered / Expanded Edition),https://i.scdn.co/image/ab67616d0000b273c7d7cdad0c2ffa5620129ee8,75,252773,Karma Chameleon - Remastered 2002,Culture Club,Colour By Numbers (Remastered / Expanded Edition),New Wave,Reggae-Pop,0.7000000000000001,0.7000000000000001,Cheerful,1983,1980s,"Identity, love, deception, karma",0.08,False,-0.16110851607461127
"Top 70, 80 e 90",6JNJERZGJwDVgkmbohBw7u,Self Control,Laura Branigan,4463nfFMmK1cwAWBQDwT5e,,Self Control,https://i.scdn.co/image/ab67616d0000b2731310670cbb82f06474372cfd,78,246440,Self Control,Laura Branigan,Self Control,Pop,Dance-pop,0.7000000000000001,0.75,energetic,1984,1980s,"loss of control, passion, nocturnal adventures",0.05,False,-0.16651331235731734
"Top 70, 80 e 90",6IDHh3FcwLVcG5NsmpQgg2,It's a Sin - 2001 Remaster,Pet Shop Boys,2ycnb8Er79LoH2AsR5ldjh,,Actually,https://i.scdn.co/image/ab67616d0000b27385bce6c7b5664da3fbc90f1c,18,299306,It's a Sin - 2001 Remaster,Pet Shop Boys,Actually,Synth-pop,Electropop,0.7000000000000001,0.75,dramatic,1987,1980s,"guilt, sin, religious upbringing, societal judgment",0.05,False,-0.17035714584397316
Top anos 2010,6epn3r7S14KUqlReYr77hA,Baby,Justin Bieber,1uNFoZAHBGtllmzznpCI3s,,My World 2.0,https://i.scdn.co/image/ab67616d0000b273629dc9e2e3bc20bbd7d92e4a,83,214240,Baby,Justin Bieber,My World 2.0,Pop,Teen Pop,0.7000000000000001,0.75,Playful,2010,2010s,"First love, puppy love, regret over a breakup, longing for a lost relationship",0.05,False,-0.17092903207015345
"Top 70, 80 e 90",3hMHG6lx9QHVcfYSUr5PoM,"Danger Zone - From ""Top Gun"" Original Soundtrack",Kenny Loggins,3Y3xIwWyq5wnNHPp5gPjOW,,Top Gun - Motion Picture Soundtrack (Special Expanded Edition),https://i.scdn.co/image/ab67616d0000b273fa183fdd680f1d249ba2f893,63,216346,"Danger Zone - From ""Top Gun"" Original Soundtrack",Kenny Loggins,Top Gun - Motion Picture Soundtrack (Special Expanded Edition),Rock,Hard Rock/Pop Rock,0.72,0.88,"intense, confident",1986,1980s,"Ação, velocidade, viver no limite",0.0,False,-0.17217435532006847
Top anos 2010,782lNGn2rEHVn8JomdtRA7,Barbra Streisand - Radio Edit,Duck Sauce,0q8J3Yj810t5cpAYEJ7gxt,,Barbra Streisand,https://i.scdn.co/image/ab67616d0000b27363f153d5ccf2c6495ef2b946,61,193052,Barbra Streisand - Radio Edit,Duck Sauce,Barbra Streisand,Electronic,Disco House,0.9500000000000001,0.9,Energetic,2010,2010s,"Pure party track, celebrating disco, name-dropping artists",0.7000000000000001,False,-0.18254403926605248
Top anos 2000,1vt0n3GcAYrsSMue1C6OtC,Samba De Verão,Caetano Veloso,7HGNYPmbDrMkylWqeFCOIQ,,A Bossa De Caetano,https://i.scdn.co/image/ab67616d0000b273b95643cd4fea62c0771360cb,64,187626,Samba De Verão,Caetano Veloso,A Bossa De Caetano,Bossa Nova,"MPB, Samba-Jazz",0.75,0.55,"Relaxed, sophisticated, romantic",2000,2000s,"Summer love, longing, the beauty of Brazil",0.18,False,-0.18746251352212567
Top anos 2010,1qZMPmpD1jDcOA7gZ6TCde,One (Your Name) - Radio Edit,Swedish House Mafia,1h6Cn3P4NGzXbaXidqURXs,,One (Your Name),https://i.scdn.co/image/ab67616d0000b2738dfae070d8dd3fee23689a59,67,163246,One (Your Name) - Radio Edit,Swedish House Mafia,One (Your Name),Electronic,Progressive House,0.9,0.9500000000000001,Euphoric,2010,2010s,"Unity, connection through music, the power of a name",0.5,False,-0.20847901099663085
Top 50 Mundo,2VOomzT6VavJOGBeySqaMc,Disturbia,Rihanna,5pKCCKE2ajJHZ9KAiaK11H,,Good Girl Gone Bad: Reloaded,https://i.scdn.co/image/ab67616d0000b273f9f27162ab1ed45b8d7a7e98,82,238626,Disturbia,Rihanna,Good Girl Gone Bad: Reloaded,Dance-Pop,Electropop,0.72,0.8,"dark, frantic",2008,2000s,"Loucura, ansiedade, sentir-se assustado",0.01,False,-0.2113525544012224
Top anos 2010,59dLtGBS26x7kc0rHbaPrq,Nothin' on You (feat. Bruno Mars),B.o.B,5ndkK3dpZLKtBklKjxNQwT,,B.o.B Presents: The Adventures of Bobby Ray,https://i.scdn.co/image/ab67616d0000b273484d121f0e2d2caf87d5d10b,82,268320,Nothin' on You (feat. Bruno Mars),B.o.B,B.o.B Presents: The Adventures of Bobby Ray,Hip Hop,Pop Rap,0.72,0.65,romantic,2010,2010s,"love, admiration, appreciation of a partner's beauty",0.0,False,-0.21277933453503084
"Top 70, 80 e 90",1XsfDGslxnCPm5RDlD874U,Take on Me - 1985 Single Mix; 2015 Remaster,a-ha,2jzc5TC5TVFLXQlBNiIUzE,,Hunting High and Low (30th Anniversary Edition),https://i.scdn.co/image/ab67616d0000b273bef9f4a09cbd907776bb6438,55,288840,Take on Me - 1985 Single Mix; 2015 Remaster,a-ha,Hunting High and Low (30th Anniversary Edition),Synth-pop,New Wave,0.75,0.9,energetic,1985,1980s,"love, pursuit, urgency, desire for connection",0.1,False,-0.22548780610471902
Top anos 2000,3XKIUb7HzIF1Vu9usunMzc,Maria Maria (feat. The Product G&B),Santana,6GI52t8N5F02MxU0g5U69P,,Supernatural (Remastered),https://i.scdn.co/image/ab67616d0000b27347eb3ea5a92904c19e102e54,73,261973,Maria Maria (feat. The Product G&B),Santana,Supernatural (Remastered),Latin Rock,"Latin Pop, Smooth Rock",0.75,0.75,"Romantic, sensual, soulful",1999,1990s,"Admiration of a beautiful woman, life struggles, cultural pride",0.2,False,-0.22684859235956853
Top 50 Mundo,7dSCxR4LqkmxoBrq9MzVSD,Psycho Killer,Talking Heads,2x9SpqnPi8rlE9pjHBwmSC,,Talking Heads '77,https://i.scdn.co/image/ab67616d0000b273b74dc29f68a36438421a9f1d,80,260506,Psycho Killer,Talking Heads,Talking Heads '77,New Wave,Art Punk/Post-Punk,0.72,0.67,"anxious, manic",1977,1970s,"Mente de um assassino, isolamento",0.0,False,-0.2330544068749593
Top anos 2010,7fLzbEOBOae9lUnOwr7Tse,Memories (feat. Kid Cudi),David Guetta,1Cs0zKBU1kc0i8ypK3B9ai,,One More Love,https://i.scdn.co/image/ab67616d0000b2731813115ff10c5f5ae028321d,81,210093,Memories (feat. Kid Cudi),David Guetta,One More Love,Electronic,Electro House,0.75,0.88,euphoric,2009,2000s,"partying, good times, nostalgia for the night",0.1,False,-0.2354386965405387
Top anos 2010,5NEKjqTQPKiqOiOG8YxLdS,"All I Do Is Win (feat. T-Pain, Ludacris, Snoop Dogg & Rick Ross)",DJ Khaled,0QHgL1lAIqAw0HtD7YldmP,,Victory,https://i.scdn.co/image/ab67616d0000b273fb87b874d265126523504ecd,69,232506,"All I Do Is Win (feat. T-Pain, Ludacris, Snoop Dogg & Rick Ross)",DJ Khaled,Victory,Hip Hop,Trap,0.75,0.9,Triumphant,2010,2010s,"Success, winning, wealth, confidence, overcoming challenges",0.05,True,-0.23639862977065978
"Top 70, 80 e 90",2WfaOiMkCvy7F5fcp2zZ8L,Take on Me,a-ha,2jzc5TC5TVFLXQlBNiIUzE,,Hunting High and Low,https://i.scdn.co/image/ab67616d0000b273e8dd4db47e7177c63b0b7d53,86,225280,Take on Me,a-ha,Hunting High and Low,Synth-Pop,New Wave,0.75,0.9,Energetic,1985,1980s,"Love, longing, pursuit",0.05,False,-0.23866423498052286
"Top 70, 80 e 90",0aAR5HogGoT68EWFbyRFqx,What A Feeling,Irene Cara,3oZa8Xs6IjlIUGLAhVyK4G,,What A Feeling,https://i.scdn.co/image/ab67616d0000b273dc77e9fda68572f218233a87,68,244533,What A Feeling,Irene Cara,What A Feeling,Pop,Dance-Pop,0.75,0.9,Inspiring,1983,1980s,"Dreams, ambition, self-belief",0.05,False,-0.2398603779435554
Top 50 Mundo,02sy7FAs8dkDNYsHp4Ul3f,Soda Pop,Saja Boys,0BJ2EjOqcfgFvlZXNKrNbE,,KPop Demon Hunters (Soundtrack from the Netflix Film),https://i.scdn.co/image/ab67616d0000b2734dcb6c5df15cf74596ab25a4,94,150686,Soda Pop,Saja Boys,KPop Demon Hunters (Soundtrack from the Netflix Film),K-Pop,Bubblegum Pop,0.75,0.9,"happy, playful",2024,2020s,"Juventude, diversão, leveza",0.0,False,-0.24123842547253033
Top anos 2000,3yfqSUWxFvZELEM4PmlwIR,The Real Slim Shady,Eminem,7dGJo4pcD2V6oG8kP0tJRR,,The Marshall Mathers LP,https://i.scdn.co/image/ab67616d0000b273dbb3dd82da45b7d7f31b1b42,84,284200,The Real Slim Shady,Eminem,The Marshall Mathers LP,Hip Hop,"Horrorcore, Satirical Rap",0.75,0.88,"Energetic, sarcastic, rebellious",2000,2000s,"Celebrity culture, satire, controversy, self-identity",0.08,True,-0.24319400563442778
Top anos 2000,2m1hi0nfMR9vdGC8UcrnwU,All The Small Things,blink-182,6FBDaR13swtiWwGhX1WQsP,,Enema Of The State,https://i.scdn.co/image/ab67616d0000b2736da502e35a7a3e48de2b0f74,81,167066,All The Small Things,blink-182,Enema Of The State,Pop Punk,Alternative Rock,0.75,0.88,"Upbeat, nostalgic, romantic",1999,1990s,"Simple love, appreciation for a partner",0.08,False,-0.24858330569173104
Top anos 2000,4LwU4Vp6od3Sb08CsP99GC,The Next Episode,Dr. Dre,6DPYiyq5kWVQS4RGwxzPC7,,2001,https://i.scdn.co/image/ab67616d0000b2739b19c107109de740bad72df5,79,161506,The Next Episode,Dr. Dre,2001,Hip Hop,"Gangsta Rap, G-Funk, West Coast Hip Hop",0.75,0.85,"Confident, laid-back, boastful",1999,1990s,"Partying, success, drug use, West Coast lifestyle",0.08,True,-0.27140995011378477
Top anos 2010,37dYAkMa4lzRCH6kDbMT1L,We No Speak Americano (Edit),Yolanda Be Cool,4KkHjCe8ouh8C2P9LPoD4F,,We No Speak Americano,https://i.scdn.co/image/ab67616d0000b273d9f80b2064ea74295afe64cc,62,157438,We No Speak Americano (Edit),Yolanda Be Cool,We No Speak Americano,Electronic,Electro Swing,0.9,0.9,Energetic,2010,2010s,"Pure party track, cultural identity, playful",0.4,False,-0.27421176011527437
Top anos 2010,2CEgGE6aESpnmtfiZwYlbV,Dynamite,Taio Cruz,6MF9fzBmfXghAz953czmBC,,The Rokstarr Hits Collection,https://i.scdn.co/image/ab67616d0000b27366c3eb32692a0ae487079cf1,74,202613,Dynamite,Taio Cruz,The Rokstarr Hits Collection,Pop,Dance-Pop,0.75,0.85,euphoric,2010,2010s,"partying, celebration, feeling good",0.0,False,-0.2793666694538274
Top anos 2000,6naxalmIoLFWR0siv8dnQQ,Oops!...I Did It Again,Britney Spears,26dSoYclwsYLMAKD3tpOr4,,Oops!... I Did It Again,https://i.scdn.co/image/ab67616d0000b273c50b7d96737041f4bfd844d6,82,211160,Oops!...I Did It Again,Britney Spears,Oops!... I Did It Again,Pop,Dance-Pop/Teen Pop,0.75,0.85,"flirty, upbeat",2000,2000s,"Erro no amor, jogo da sedução",0.0,False,-0.2793666694538274
Top anos 2000,0LWkaEyQRkF0XAms8Bg1fC,Party Up,DMX,1HwM5zlC5qNWhJtM00yXzG,,...And Then There Was X,https://i.scdn.co/image/ab67616d0000b273581d9fcb8a2e6d600d59b819,71,268866,Party Up,DMX,...And Then There Was X,Hip Hop,Hardcore Hip Hop,0.78,0.92,aggressive,1999,1990s,"partying, confrontation, dominance, hype",0.0,True,-0.28261832106165574
Top anos 2000,0I3q5fE6wg7LIfHGngUTnV,Ms. Jackson,Outkast,1G9G7WwrXka3Z1r7aIDjI7,,Stankonia,https://i.scdn.co/image/ab67616d0000b2732350e31bc346a6c20e9de166,82,270506,Ms. Jackson,Outkast,Stankonia,Hip Hop,"Southern Hip Hop, Neo Soul",0.75,0.65,"Apologetic, reflective, soulful",2000,2000s,"Divorce, co-parenting, apologies, relationship struggles",0.1,True,-0.30128218808351026
Top anos 2010,1AguHaKOuggrVTebp7cZEI,Stereo Love,Edward Maya,6XwwFnewNgWp81MYMK8zLq,,Stereo Love,https://i.scdn.co/image/ab67616d0000b273d629ba472bce9c426eb1fdc4,65,184573,Stereo Love,Edward Maya,Stereo Love,Electronic,Eurodance,0.85,0.8,Energetic,2009,2000s,"Love, longing for a distant lover, connection through music and memories",0.30000000000000004,False,-0.3132826949600108
"Top 70, 80 e 90",3iSws76HjaU7k49EqJVTfF,"Sugar, Sugar",The Archies,33QmoCkSqADuQEtMCysYLh,,"The Very Best Of ""The Archies""",https://i.scdn.co/image/ab67616d0000b27355ef4cc7e56a02c68c3abc0f,63,167186,"Sugar, Sugar",The Archies,"The Very Best Of ""The Archies""",Pop,Bubblegum Pop,0.75,0.65,"happy, sweet",1969,1960s,"Doçura, amor, paquera",0.0,False,-0.3140432914858852
"Top 70, 80 e 90",2MJbmNiUNhW2VISVap4lCD,Happy Children,P. Lion,3C4Ma6ujXcpDtisnx6RASG,,Springtime,https://i.scdn.co/image/ab67616d0000b273018f6eeb6efa20ea5ccacf86,0,358960,Happy Children,P. Lion,Springtime,Italo-disco,Synth-pop,0.75,0.8,happy,1984,1980s,"childhood memories, innocence, happiness",0.1,False,-0.31485643414807407
Top anos 2010,6tS3XVuOyu10897O3ae7bi,California Gurls,Katy Perry,6jJ0s89eD6GaHleKKya26X,,Teenage Dream: The Complete Confection,https://i.scdn.co/image/ab67616d0000b273937af329667311f4b2831616,74,234653,California Gurls,Katy Perry,Teenage Dream: The Complete Confection,Pop,Dance-Pop,0.75,0.8,happy,2010,2010s,"summer, fun, California lifestyle, partying",0.0,True,-0.3165202387359095
Top anos 2010,5uHYcK0nbEYgRaFTY5BqnP,Magic (feat. Rivers Cuomo),B.o.B,5ndkK3dpZLKtBklKjxNQwT,,B.o.B Presents: The Adventures of Bobby Ray,https://i.scdn.co/image/ab67616d0000b273484d121f0e2d2caf87d5d10b,64,196133,Magic (feat. Rivers Cuomo),B.o.B,B.o.B Presents: The Adventures of Bobby Ray,Hip Hop,Pop Rap,0.75,0.8,Optimistic,2010,2010s,"Feeling magical, confidence, good vibes, attraction",0.05,False,-0.31884850654422303
"Top 70, 80 e 90",7g9zinT61Axb6Tu1uOj5KZ,Rasputin - Extended Mix,Majestic,6QMABvTzixnxzsLYyhqRxI,,Rasputin (Remixes),https://i.scdn.co/image/ab67616d0000b2737897e146c9ccaf32aca55d04,38,315234,Rasputin - Extended Mix,Majestic,Rasputin (Remixes),Electronic,House,0.9,0.9500000000000001,energetic,2021,2020s,"storytelling, historical narrative, power",0.30000000000000004,False,-0.3222398515480701
Top anos 2000,3Fzlg5r1IjhLk2qRw667od,Dancing in the Moonlight,Toploader,6xeFne1rkxMhKSW3ipvkdV,,Onka's Big Moka,https://i.scdn.co/image/ab67616d0000b273e16a6534cd5a968a5b725d03,78,232693,Dancing in the Moonlight,Toploader,Onka's Big Moka,Pop Rock,"Alternative Rock, Indie Pop",0.75,0.78,"Joyful, celebratory, carefree",1999,1990s,"Celebration, love, simple pleasures, dancing",0.1,False,-0.32398377496532704
"Top 70, 80 e 90",07ABETRdek3ACMpRPvQuaT,Always on My Mind,Pet Shop Boys,2ycnb8Er79LoH2AsR5ldjh,,Discography - Complete Singles Collection,https://i.scdn.co/image/ab67616d0000b273499c6d2eaeb941d76acdfe41,72,234906,Always on My Mind,Pet Shop Boys,Discography - Complete Singles Collection,Synth-Pop,Dance-Pop,0.75,0.8,Melancholic,1987,1980s,"Regret, lasting love, apology",0.05,False,-0.32651305647499396
"Top 70, 80 e 90",78His8pbKjbDQF7aX5asgv,Rivers of Babylon,Boney M.,54R6Y0I7jGUCveDTtI21nb,,Nightflight to Venus,https://i.scdn.co/image/ab67616d0000b2739e77d65619f80436b5cc9d12,69,261266,Rivers of Babylon,Boney M.,Nightflight to Venus,Disco,Euro-Disco,0.75,0.8,Uplifting,1978,1970s,"Spiritual, longing for home",0.05,False,-0.3274841206464522
Top anos 2000,71koAFCnGnugRdGIDfS7f4,19-2000,Gorillaz,3AA28KZvwAUcZuOKwyblJQ,,Gorillaz,https://i.scdn.co/image/ab67616d0000b273f6c46838e4425ea96e2562fe,73,210880,19-2000,Gorillaz,Gorillaz,Alternative Rock,"Trip Hop, Indie Pop",0.75,0.78,"Playful, chill, upbeat",2001,2000s,"Escapism, travel, surrealism",0.1,False,-0.32797721551748643
"Top 70, 80 e 90",68MSCSP7Y6PnzXcW1IlN7G,One Way Ticket,Eruption,3R6f1aBWwde7ZqGv7hf4dY,,4 Hits: Eruption,https://i.scdn.co/image/ab67616d0000b27316460173acaa68e9bc62fd98,61,213200,One Way Ticket,Eruption,4 Hits: Eruption,Disco,Euro-Disco,0.75,0.8,Energetic,1978,1970s,"Love, separation, travel",0.05,False,-0.3287844399759131
Top anos 2010,14OF4JQOIm4hb0GfG5nfyF,Starry Eyed,Ellie Goulding,0X2BH1fck6amBIoJhDVmmJ,,Bright Lights (Lights Re-pack / Bonus Version),https://i.scdn.co/image/ab67616d0000b273512cd44d21eacbfeda4affe2,52,176613,Starry Eyed,Ellie Goulding,Bright Lights (Lights Re-pack / Bonus Version),Electronic,Synth-Pop,0.75,0.8,Dreamy,2010,2010s,"Falling in love, being captivated by someone, feeling euphoric and overwhelmed",0.05,False,-0.32904195657756347
"Top 70, 80 e 90",7LNP6YNYDeMgBeG4JBfAdq,(I'll Never Be) Maria Magdalena - Single Verison,Sandra,646StQO8yxIiI3niu1OHnG,,Ten On One,https://i.scdn.co/image/ab67616d0000b2731ade47900d03a0276737982b,64,239826,(I'll Never Be) Maria Magdalena - Single Verison,Sandra,Ten On One,Synth-Pop,Euro-Disco,0.75,0.8,Mysterious,1985,1980s,"Love, self-identity, desire",0.05,False,-0.329121672324236
"Top 70, 80 e 90",4uLU6hMCjMI75M1A2tKUQC,Never Gonna Give You Up,Rick Astley,0gxyHStUsqpMadRV0Di1Qt,,Whenever You Need Somebody,https://i.scdn.co/image/ab67616d0000b273255e131abc1410833be95673,3,213573,Never Gonna Give You Up,Rick Astley,Whenever You Need Somebody,Pop,Dance-Pop,0.75,0.8,Joyful,1987,1980s,"Love, commitment, devotion",0.05,False,-0.33076560513561526
"Top 70, 80 e 90",7aS418hRnOnYrXeyrZilwk,A Little Respect - 2009 - Remaster,Erasure,0z5DFXmhT4ZNzWElsM7V89,,The Innocents,https://i.scdn.co/image/ab67616d0000b27398b2d42c11988fe69fd20c8e,3,213986,A Little Respect - 2009 - Remaster,Erasure,The Innocents,Synth-Pop,Dance-Pop,0.75,0.8,Upbeat,1988,1980s,"Love, desire for affection",0.05,False,-0.33079173301998266
"Top 70, 80 e 90",2RsIjB4ZFnxnUCfnDD1NuW,Oh l'amour,Erasure,0z5DFXmhT4ZNzWElsM7V89,,Wonderland,https://i.scdn.co/image/ab67616d0000b273d784ea58044ada71e9d2211a,0,184093,Oh l'amour,Erasure,Wonderland,Synth-Pop,Dance-Pop,0.75,0.8,Upbeat,1986,1980s,"Love, infatuation, new romance",0.05,False,-0.33084989756679917
"Top 70, 80 e 90",1ZPlNanZsJSPK5h9YZZFbZ,Like a Virgin,Madonna,6tbjWDEIzxoDsBA1FuhfPW,,Like a Virgin,https://i.scdn.co/image/ab67616d0000b27399d424b0873a9a714279a9f3,70,218626,Like a Virgin,Madonna,Like a Virgin,Pop,Synth-Pop,0.75,0.8,Playful,1984,1980s,"Love, rebirth, sexual awakening",0.05,False,-0.33088230408029506
Top 50 Mundo,1NXbNEAcPvY5G1xvfN57aA,Dracula,Tame Impala,5INjqkS1o8h1imAzPqGZBb,,Deadbeat,https://i.scdn.co/image/ab67616d0000b273208500450dcd0fd294d7bd3b,81,205308,Dracula,Tame Impala,Deadbeat,Psychedelic Pop,Disco/Synth-Pop,0.75,0.8,"groovy, nocturnal",2025,2020s,"Festa, vida noturna, evitar a luz do sol",0.05,False,-0.3312917074443762
"Top 70, 80 e 90",22sLuJYcvZOSoLLRYev1s5,Material Girl,Madonna,6tbjWDEIzxoDsBA1FuhfPW,,Celebration (double disc version),https://i.scdn.co/image/ab67616d0000b2736b44fa8f5415cc4c945117be,71,240280,Material Girl,Madonna,Celebration (double disc version),Pop,Synth-Pop,0.75,0.8,Playful,1984,1980s,"Materialism, desire for wealth",0.05,False,-0.3312917074443762
"Top 70, 80 e 90",16vVDqaRiNzgiD9cUP5hZf,You Can Win If You Want - New Version,Modern Talking,79bxUQsBIXO8nVLB9fYKf7,,Back For Good/2nd,https://i.scdn.co/image/ab67616d0000b27334f194f0e52087042c2a70a5,38,215440,You Can Win If You Want - New Version,Modern Talking,Back For Good/2nd,Euro-disco,Dance-pop,0.75,0.7000000000000001,optimistic,1998,1990s,"love, hope, overcoming challenges",0.1,False,-0.3342658677937888
Top anos 2010,5A6OHHy73AR5tLxgTc98zz,Black and Yellow,Wiz Khalifa,137W8MRPWKqSmrBGDBFSop,,Rolling Papers,https://i.scdn.co/image/ab67616d0000b273fe3cf32b1320e8ded39d8c74,77,217666,Black and Yellow,Wiz Khalifa,Rolling Papers,Hip Hop,Trap,0.75,0.7000000000000001,confident,2010,2010s,"pride in Pittsburgh, money, cars, lifestyle",0.0,True,-0.3348785040190458
Top 50 Brasil,3p58wJmZqIc9RjsdeZ5Jfq,Vou pela Madrugada,Mc Negão Original,4LHTgACY32k94VDjenF0nP,,A Nata de Tudo - A Ovelha Negra,https://i.scdn.co/image/ab67616d0000b27314564c5d5987242d4bc3b41a,78,281774,Vou pela Madrugada,Mc Negão Original,A Nata de Tudo - A Ovelha Negra,Funk,Funk Consciente,0.75,0.7000000000000001,"Reflective, emotional, determined",2023,2020s,"Street life, perseverance, love, reflection",0.1,True,-0.33596221873989124
Top anos 2000,54uLTcjNraWuwjqLrDhG23,Try Again,Aaliyah,0urTpYCsixqZwgNTkPJOJ4,,Aaliyah,https://i.scdn.co/image/ab67616d0000b2732d1ec7f50bcb8be7b9746d10,67,284640,Try Again,Aaliyah,Aaliyah,R&B,Contemporary R&B,0.75,0.68,confident,2000,2000s,"persistence, second chances in love",0.01,False,-0.3364014247091787
"Top 70, 80 e 90",0QKfiqpEU4h9ycPSzIFwYe,Maniac,Michael Sembello,771qBvjnXOH9Azr6lKy6FB,,Flashdance (Original Soundtrack From The Motion Picture),https://i.scdn.co/image/ab67616d0000b2737b436d31c5ae44b334736619,73,244706,Maniac,Michael Sembello,Flashdance (Original Soundtrack From The Motion Picture),Pop,Dance-pop,0.8,0.9,energetic,1983,1980s,"passion, determination, pursuing dreams",0.1,False,-0.3395114162435297
Top 50 Mundo,569uHYIB0X324FZOBEhvit,Ghostbusters,Ray Parker Jr.,0NyzfcGDZZ6GM25EBG9BYK,,Greatest Hits,https://i.scdn.co/image/ab67616d0000b273841c8f567b42b8b9a1aa54ec,77,239133,Ghostbusters,Ray Parker Jr.,Greatest Hits,Pop,Synth-Pop/Funk-Pop,0.76,0.81,"fun, energetic",1984,1980s,"Sobrenatural, chamada de emergência",0.01,False,-0.33974794642523654
"Top 70, 80 e 90",7MnxdIXJd4N4mHCTPNKhkX,"Ghostbusters - From ""Ghostbusters""",Ray Parker Jr.,0NyzfcGDZZ6GM25EBG9BYK,,Ghostbusters,https://i.scdn.co/image/ab67616d0000b273cd05922355b9f5c85b0a66fc,0,245973,"Ghostbusters - From ""Ghostbusters""",Ray Parker Jr.,Ghostbusters,Pop,Synth-Pop/Funk-Pop,0.76,0.81,"fun, energetic",1984,1980s,"Sobrenatural, chamada de emergência",0.01,False,-0.33974794642523654
"Top 70, 80 e 90",2d8D7uk3tbAThjRkdfrx9c,Voyage voyage,Desireless,1yjAx9cww4f1QuAaN3dUI2,,François,https://i.scdn.co/image/ab67616d0000b2738f5813c842cb115f3cf1fecd,72,266600,Voyage voyage,Desireless,François,Synth-pop,Euro-Disco,0.75,0.7000000000000001,dreamy,1986,1980s,"travel, escapism, longing for freedom",0.1,False,-0.340390953472607
"Top 70, 80 e 90",4Hs3YBttbExZRoN4kHZwcN,Moskau '99 - Radio Edit,Dschinghis Khan,1g1nVvle9qO9AWIUWYvPAP,,Moskau - Das Neue Best Of Album,https://i.scdn.co/image/ab67616d0000b27387781996775435b9b6b75206,29,244226,Moskau '99 - Radio Edit,Dschinghis Khan,Moskau - Das Neue Best Of Album,Euro-disco,Dance-pop,0.8,0.9,festive,1999,1990s,"celebration of Moscow, Russian culture, dancing",0.1,False,-0.34085601911885555
Top anos 2000,69XUpOpjzDKcfdxqZebGiI,"Independent Women, Pt. 1",Destiny's Child,1Y8cdNmUJH7yBTd9yOvr5i,,Survivor,https://i.scdn.co/image/ab67616d0000b273163cdae7f1e2c82786a84e3e,63,221133,"Independent Women, Pt. 1",Destiny's Child,Survivor,R&B,Contemporary R&B,0.75,0.7000000000000001,empowering,2000,2000s,"female independence, financial freedom",0.01,False,-0.34269144946831637
Top 50 Brasil,5x1ZLsLnKdT6sJ7oIJTEBV,Sua Boca Mente (You're Still The One),Zé Felipe,7cmuxPnXRJxwuYDHfbD8Eu,,Sua Boca Mente (You're Still The One),https://i.scdn.co/image/ab67616d0000b2734ebef7dcb00680024e34b203,81,194303,Sua Boca Mente (You're Still The One),Zé Felipe,Sua Boca Mente (You're Still The One),Sertanejo,Piseiro,0.75,0.7000000000000001,"Romantic, lively, playful",2023,2020s,"Deception, love, denial, relationship issues",0.1,False,-0.34303436372671936
Top anos 2000,1zOzCQOw9THED5ixSVHiBc,It Feels So Good,Sonique,5xtqw2B8z8JGfDYi2eAZHI,,Hear My Cry,https://i.scdn.co/image/ab67616d0000b2733f70f5b9015fdc8fc370218e,70,229760,It Feels So Good,Sonique,Hear My Cry,Dance,"Progressive House, Vocal House",0.88,0.88,"Euphoric, joyful, sensual",2000,2000s,"Love, desire, physical attraction, feeling good",0.28,False,-0.3438490306063871
"Top 70, 80 e 90",0B9x2BRHqj3Qer7biM3pU3,You're The One That I Want - From “Grease”,John Travolta,4hKkEHkaqCsyxNxXEsszVH,,Grease (The Original Motion Picture Soundtrack),https://i.scdn.co/image/ab67616d0000b273b68df485f3304211904548a8,78,169840,You're The One That I Want - From “Grease”,John Travolta,Grease (The Original Motion Picture Soundtrack),Pop,Soundtrack,0.8,0.9,energetic,1978,1970s,"intense attraction, desire, romantic pursuit",0.05,False,-0.3451110927114865
"Top 70, 80 e 90",0Zn63G0XTiqXwr1KSmARWz,"You're My Heart, You're My Soul",Modern Talking,79bxUQsBIXO8nVLB9fYKf7,,The First & Second Album (30th Anniversary Edition),https://i.scdn.co/image/ab67616d0000b27399aab0b95eb4bb1e7e24c795,69,334600,"You're My Heart, You're My Soul",Modern Talking,The First & Second Album (30th Anniversary Edition),Euro-disco,Dance-pop,0.75,0.75,romantic,1984,1980s,"love, devotion, eternal romance",0.1,False,-0.3452030205193216
"Top 70, 80 e 90",5074Vt992hKDNhwXMhRceJ,Touch in the Night - Radio Version,Silent Circle,0ha8Qlns3CfrrLNI8CVIie,,No.1 (Jubiläums Edition),https://i.scdn.co/image/ab67616d0000b273722206ae6845cdbbb4ed5e44,56,217669,Touch in the Night - Radio Version,Silent Circle,No.1 (Jubiläums Edition),Euro-disco,Italo-disco,0.75,0.75,romantic,1985,1980s,"romantic encounter, desire, night",0.1,False,-0.3457039919832522
Top anos 2000,5XVjNRubJUW0iPhhSWpLCj,Better Off Alone,Alice Deejay,2tbvDi9eXf9XXp06LupkED,,Who Needs Guitars Anyway?,https://i.scdn.co/image/ab67616d0000b2738d897b8994ce008298200408,79,214883,Better Off Alone,Alice Deejay,Who Needs Guitars Anyway?,Eurodance,"Euro-Trance, Vocal Trance",0.88,0.88,"Energetic, melancholic, longing",1999,1990s,"Heartbreak, longing for a lost love, loneliness",0.28,False,-0.346886162999288
Top 50 Mundo,1xOqGUkyxGQRdCvGpvWKmL,Gabriela,KATSEYE,3c0gDdb9lhnHGFtP4prQpn,,Gabriela,https://i.scdn.co/image/ab67616d0000b273f8d4d00ffe09373efb13ce29,93,197226,Gabriela,KATSEYE,Gabriela,Pop,Pop Global/Dance-Pop,0.78,0.85,"confident, energetic",2025,2020s,"Empoderamento, nome feminino",0.01,False,-0.35423090117554473
"Top 70, 80 e 90",0Dm43YLUlGdePpSbI1ct8h,Part-Time Lover,Stevie Wonder,7guDJrEfX3qb6FEbdPA5qi,,In Square Circle,https://i.scdn.co/image/ab67616d0000b273ed0ddbe4b2590f448e9845be,72,252560,Part-Time Lover,Stevie Wonder,In Square Circle,R&B,Funk,0.75,0.75,playful,1985,1980s,"infidelity, secrecy, moral dilemma",0.05,False,-0.3626131807558183
Top anos 2010,0HPD5WQqrq7wPWR7P7Dw1i,TiK ToK,Kesha,6LqNN22kT3074XbTVUrhzX,,Animal (Expanded Edition),https://i.scdn.co/image/ab67616d0000b273142e5c0e611841b87c2dc533,84,199693,TiK ToK,Kesha,Animal (Expanded Edition),Pop,Dance-Pop,0.8,0.88,energetic,2009,2000s,"partying, carefree lifestyle, fun",0.0,True,-0.3649907533112318
"Top 70, 80 e 90",7wQ0bwkeOTgC16bB6wXiVh,Maria Magdalena - '93 Remix,Sandra,646StQO8yxIiI3niu1OHnG,,My Favourites,https://i.scdn.co/image/ab67616d0000b27358f72812e08047521cf8ab9f,30,241893,Maria Magdalena - '93 Remix,Sandra,My Favourites,Synth-pop,Eurodance,0.8,0.85,energetic,1993,1990s,"forbidden love, passion, religious undertones",0.1,False,-0.3902104049306482
"Top 70, 80 e 90",48C219M8L2HGsFTLudljk5,Ma Baker (ZDF Starparade 02.06.1977),Boney M.,54R6Y0I7jGUCveDTtI21nb,,Love For Sale,https://i.scdn.co/image/ab67616d0000b273175fdf354e90a03a46242aca,50,275706,Ma Baker (ZDF Starparade 02.06.1977),Boney M.,Love For Sale,Disco,Euro-disco,0.8,0.85,energetic,1977,1970s,"storytelling, crime, rebellion",0.1,False,-0.39038580342003687
Top 50 Brasil,5BI4zdNsBNEBSPzYkO2EXZ,DENTRO DA LAND ROVER - Ao Vivo,Luan Pereira,5kVgcCdPbeUwxBqWxi2Ktl,,"DEBAIXO DO MEU CHAPÉU, Vol. 2",https://i.scdn.co/image/ab67616d0000b273190e8c1a665fe098aa261a59,75,159082,DENTRO DA LAND ROVER - Ao Vivo,Luan Pereira,"DEBAIXO DO MEU CHAPÉU, Vol. 2",Sertanejo,Piseiro,0.78,0.8,"Energetic, confident, celebratory",2023,2020s,"Countryside lifestyle, luxury, party, attraction",0.1,False,-0.3905492280390547
"Top 70, 80 e 90",6LFk6QtS5NWruQmVp9HouH,Suzanna,Hermes House Band,75QQAQ1DfmGW500AJZbM0i,,Greatest Hits No.1 Gold Selection,https://i.scdn.co/image/ab67616d0000b273913aabb7d9089ecc5664699b,0,221106,Suzanna,Hermes House Band,Greatest Hits No.1 Gold Selection,Pop,Eurodance,0.8,0.85,joyful,1999,1990s,"unrequited love, longing",0.1,False,-0.3915175060402443
"Top 70, 80 e 90",21brTVDh5Y3B3mA4z5yyaU,Silent Morning,Noel,3aYT0KVT8R4CypWXkoV548,,Noel,https://i.scdn.co/image/ab67616d0000b273d0597a27884b22e6f16ef1b0,55,264466,Silent Morning,Noel,Noel,Freestyle,Dance-pop,0.8,0.85,romantic,1987,1980s,"lost love, yearning, regret",0.1,False,-0.3915905849210122
Top anos 2000,7H6ev70Weq6DdpZyyTmUXk,Say My Name,Destiny's Child,1Y8cdNmUJH7yBTd9yOvr5i,,The Writing's On The Wall,https://i.scdn.co/image/ab67616d0000b2733718df75b57340c1947747e8,79,271333,Say My Name,Destiny's Child,The Writing's On The Wall,R&B,"Contemporary R&B, Pop-R&B",0.78,0.65,"Suspicious, sensual, empowering",1999,1990s,"Infidelity, trust issues, demanding loyalty in a relationship",0.1,False,-0.3917481526637541
Top 50 Mundo,4wJ5Qq0jBN4ajy7ouZIV1c,APT.,ROSÉ,3eVa5w3URK5duf6eyVDbu9,,rosie,https://i.scdn.co/image/ab67616d0000b2735074bd0894cb1340b8d8a678,83,169917,APT.,ROSÉ,rosie,Pop,Pop/Dance-Pop,0.8,0.85,"energetic, confident",2024,2020s,"Flertar, festa, morar junto",0.0,False,-0.39252333832316894
Top anos 2000,2UeJXZ4W2gQw94Jcm2BlQ9,Glamourosa (Rap Glamurosa),MC Marcinho,3ZJCmnY5iUo1M0UFFWDXGf,,"Funk Brasil Relíquias, Vol. 1",https://i.scdn.co/image/ab67616d0000b2731088fede137554fd58aac1cd,65,209200,Glamourosa (Rap Glamurosa),MC Marcinho,"Funk Brasil Relíquias, Vol. 1",Funk,Funk Carioca,0.8,0.85,energetic,2003,2000s,"beauty, confidence, social status, admiration",0.0,False,-0.39258631579162007
Top 50 Brasil,2ejSYn4SfoE07mXPlnYVED,Ama Um Maloqueiro,Rafa e Junior,583d9476xT4d6A0pADiRJg,,Ama Um Maloqueiro,https://i.scdn.co/image/ab67616d0000b273fbbcdc1d9d247f1ee19c524a,83,162580,Ama Um Maloqueiro,Rafa e Junior,Ama Um Maloqueiro,Sertanejo,Piseiro,0.78,0.8,"Confident, energetic, romantic",2023,2020s,"Love for a 'maloqueiro', attraction, relationship",0.1,False,-0.39461837540098565
Top anos 2010,1bM50INir8voAkVoKuvEUI,OMG (feat. will.i.am),USHER,23zg3TcAtWQy7J6upgbUnj,,Raymond v Raymond (Expanded Edition),https://i.scdn.co/image/ab67616d0000b27386b0c9728ad3ed338eaeea79,77,269493,OMG (feat. will.i.am),USHER,Raymond v Raymond (Expanded Edition),R&B,Dance-Pop,0.8,0.85,Energetic,2010,2010s,"Intense attraction, being captivated by someone, urgency",0.05,False,-0.39593043911151576
Top anos 2010,3hlksXnvbKogFdPbpO9vel,Super Bass,Nicki Minaj,0hCNtLu0JehylgoiP8L4Gh,,Pink Friday (Complete Edition),https://i.scdn.co/image/ab67616d0000b273aa7d2641af0fa4c1f76fafbf,79,200013,Super Bass,Nicki Minaj,Pink Friday (Complete Edition),Hip Hop,Pop Rap,0.8,0.85,Confident,2010,2010s,"Attraction, flirting, confidence, sexual innuendo",0.05,True,-0.3965837653442169
"Top 70, 80 e 90",4kjgGgDbNN4nR3OZYuRkUe,All Night Long (All Night),Lionel Richie,3gMaNLQm7D9MornNILzdSl,,The Definitive Collection (International 2CD Version),https://i.scdn.co/image/ab67616d0000b2735708d47583b99e336804c819,0,260826,All Night Long (All Night),Lionel Richie,The Definitive Collection (International 2CD Version),Pop,R&B,0.8,0.85,joyful,1983,1980s,"celebration, dancing, party, love",0.05,False,-0.40206510325521433
"Top 70, 80 e 90",6zNPPFFrxmhpTQejOn1Wm1,Sending All My Love,Linear,22i8GlNyvBRj7b93jmXWT7,,Linear,https://i.scdn.co/image/ab67616d0000b273807ee983ccef2522aceba219,59,234066,Sending All My Love,Linear,Linear,Freestyle,Dance-Pop,0.8,0.85,Energetic,1990,1990s,"Love, longing, commitment",0.05,False,-0.40245032264715236
"Top 70, 80 e 90",2BNP4tfdKh6zWClNW7X7vL,Touch By Touch - Touch Maxi Version,Joy,7mZvWxGgI4wXWJ4LKHnQ6T,,Hits & More (Remixes & Classics),https://i.scdn.co/image/ab67616d0000b27306d6d390ac2c09e1038c130f,44,331133,Touch By Touch - Touch Maxi Version,Joy,Hits & More (Remixes & Classics),Euro-Disco,Italo-Disco,0.8,0.85,Energetic,1985,1980s,"Love, connection, desire",0.05,False,-0.4028221809730444
"Top 70, 80 e 90",4y1LsJpmMti1PfRQV9AWWe,Girls Just Want to Have Fun,Cyndi Lauper,2BTZIqw0ntH9MvilQ3ewNY,,She's So Unusual,https://i.scdn.co/image/ab67616d0000b27352f532df7ba3269b0242fed9,81,238266,Girls Just Want to Have Fun,Cyndi Lauper,She's So Unusual,Pop,New Wave,0.8,0.85,joyful,1983,1980s,"female empowerment, youthful freedom, fun",0.05,False,-0.40292310945893384
"Top 70, 80 e 90",07MzOyhawYbSxp15MElUCv,Don Quichotte - TV Edit,Magazine 60,6MrXYlcl32SK12YxMWJWte,,Don Quichotte (TV Edit),https://i.scdn.co/image/ab67616d0000b2731f419a46fa09e562cf881370,20,210093,Don Quichotte - TV Edit,Magazine 60,Don Quichotte (TV Edit),Italo-Disco,Euro-Disco,0.8,0.85,Energetic,1985,1980s,"Storytelling, fantasy, adventure",0.05,False,-0.40341166344114016
"Top 70, 80 e 90",1uI848raFaNWwe9HjHpjQ5,Boys - Summertime Love,Sabrina,2qURodWJech5Dv9T0Irrda,,Sabrina,https://i.scdn.co/image/ab67616d0000b273e9d575a198f3f79e362c72d0,61,234812,Boys - Summertime Love,Sabrina,Sabrina,Italo-Disco,Euro-Disco,0.8,0.85,Playful,1987,1980s,"Summer love, flirtation, attraction",0.05,False,-0.40453207949193837
"Top 70, 80 e 90",1IxxOTWNmoauiKyIoq5H0U,Happy Children,P. Lion,3C4Ma6ujXcpDtisnx6RASG,,ZYX Italo Disco Collection,https://i.scdn.co/image/ab67616d0000b273b5aaa0790028feff586033f3,53,354013,Happy Children,P. Lion,ZYX Italo Disco Collection,Italo-Disco,Euro-Disco,0.8,0.85,Happy,1984,1980s,"Youth, happiness, nostalgia",0.05,False,-0.40481222060159927
Top anos 2010,7ElF5zxOwYP4qVSWVvse3W,Break Your Heart,Taio Cruz,6MF9fzBmfXghAz953czmBC,,The Rokstarr Hits Collection,https://i.scdn.co/image/ab67616d0000b27366c3eb32692a0ae487079cf1,68,201546,Break Your Heart,Taio Cruz,The Rokstarr Hits Collection,Pop,Dance-Pop,0.8,0.85,Confident,2009,2000s,"Warning a potential lover about his player tendencies, not wanting to settle down",0.05,False,-0.40481222060159927
Top anos 2000,7m97yKVzPpXV9Z4ezEziOD,Big Pimpin',JAY-Z,3nFkdlSjzX9mRTtwJOzDYB,,Vol. 3... Life And Times Of S. Carter,https://i.scdn.co/image/ab67616d0000b273188099f301c32148ab07a557,67,283066,Big Pimpin',JAY-Z,Vol. 3... Life And Times Of S. Carter,Hip Hop,Gangsta Rap,0.78,0.75,confident,1999,1990s,"wealth, lavish lifestyle, promiscuity",0.0,True,-0.4088712830659449
Top anos 2000,49X0LAl6faAusYq02PRAY6,Lady - Hear Me Tonight,Modjo,0AkpPlFLnr0VQwZQeMGht0,,Modjo (Remastered),https://i.scdn.co/image/ab67616d0000b27354c5c304064df85d61253ac7,81,307153,Lady - Hear Me Tonight,Modjo,Modjo (Remastered),House,"French House, Disco House",0.9,0.85,"Energetic, romantic, feel-good",2000,2000s,"Love, connection, invitation to dance",0.25,False,-0.4091641146646608
Top anos 2000,3uCg5JVHl2E6i8gFJxUjsp,Xote Dos Milagres,Falamansa,6uTK3YD9CT3pLx2yEfVmXk,,Deixa Entrar...,https://i.scdn.co/image/ab67616d0000b273c523bdcbc4495cf144ccac36,64,266440,Xote Dos Milagres,Falamansa,Deixa Entrar...,Forró,Xote,0.78,0.72,joyful,2000,2000s,"love, blessings, simple pleasures, romance",0.0,False,-0.4175792251378615
Top 50 Mundo,2QN9zL3SzXdGqqmXO68gFp,Somebody's Watching Me - Single Version,Rockwell,3xs0LEzcPXtgNfMNcHzLIP,,Somebody’s Watching Me (Sped Up),https://i.scdn.co/image/ab67616d0000b2733b6773d6e0df6eedefb20190,82,238786,Somebody's Watching Me - Single Version,Rockwell,Somebody’s Watching Me (Sped Up),R&B/Pop,Synth-Pop/Funk,0.78,0.75,"eerie, anxious",1984,1980s,"Paranoia, vigilância",0.0,False,-0.4180673446715586
Top 50 Mundo,3cZajhyr8LmtPfHZ9296tj,No Broke Boys,Disco Lines,5Kmr0b3ip8g9P2i0dLTC3Z,,No Broke Boys,https://i.scdn.co/image/ab67616d0000b2735dcede7ece7b2cb72cee4eee,92,163994,No Broke Boys,Disco Lines,No Broke Boys,Electronic,House/Dance,0.85,0.9,"party, confident",2023,2020s,"Independência, padrões para relacionamentos",0.1,True,-0.42138647173047944
"Top 70, 80 e 90",3WMbD1OyfKuwWDWMNbPQ4g,Daddy Cool,Boney M.,54R6Y0I7jGUCveDTtI21nb,,Take The Heat Off Me,https://i.scdn.co/image/ab67616d0000b273dafd1cd6e9537ec8463ea691,74,208600,Daddy Cool,Boney M.,Take The Heat Off Me,Disco,Eurodisco,0.81,0.85,"fun, groovy",1976,1970s,"Pessoa atraente, paquera",0.05,False,-0.4240369828563382
"Top 70, 80 e 90",273uCXd7NPrInaiNqtkOrA,Tarzan Boy,Baltimora,6czfQ8MjHVmvJKA4LAnviG,,Living In The Background,https://i.scdn.co/image/ab67616d0000b273de82204a5baa683ce85d57cb,72,378946,Tarzan Boy,Baltimora,Living In The Background,Pop,Italo-disco,0.85,0.9,energetic,1985,1980s,"primitive living, freedom, jungle fantasy",0.1,False,-0.4241609898924191
Top 50 Brasil,3WvQaS0tluzeCN1KR5tiFi,"Não é o Lugar, é a Pessoa",Xand Avião,43DRDu6nLSeIedZ7T1A616,,"Não é o Lugar, é a Pessoa",https://i.scdn.co/image/ab67616d0000b2737acbad04f7f9454687ce4d97,75,176765,"Não é o Lugar, é a Pessoa",Xand Avião,"Não é o Lugar, é a Pessoa",Forró,Piseiro,0.78,0.75,"Romantic, lively, reflective",2023,2020s,"Love, relationships, finding the right person, connections",0.1,False,-0.4283383257547492
Top anos 2010,0AH6WMe3OlAlUb5miXt2FQ,Only Girl (In The World),Rihanna,5pKCCKE2ajJHZ9KAiaK11H,,Loud,https://i.scdn.co/image/ab67616d0000b2732ed326786e4c61c6b1dbf222,73,235493,Only Girl (In The World),Rihanna,Loud,Pop,Dance-Pop,0.85,0.9,Energetic,2010,2010s,"Desiring to be the sole focus of a lover's affection, intense love",0.05,False,-0.43184187931129286
Top anos 2010,5AyL2kgLtTWEu3qO3B9SqK,Like A G6,Far East Movement,698hF4vcwHwPy8ltmXermq,,Free Wired,https://i.scdn.co/image/ab67616d0000b273fc7cbacf9d506c92aa7d7720,75,216893,Like A G6,Far East Movement,Free Wired,Electronic,Electropop,0.85,0.9,Energetic,2010,2010s,"Partying, luxury lifestyle, feeling cool and high-class",0.05,True,-0.4352495913108346
"Top 70, 80 e 90",3XIEWK1V9n25PS9Vb6axj5,Born to Be Alive - The Original,Patrick Hernandez,1CcEgi464SWZsKY5579u7z,,Born to Be Alive (The Original),https://i.scdn.co/image/ab67616d0000b273b2622bac004d3ef8fac1095b,73,188133,Born to Be Alive - The Original,Patrick Hernandez,Born to Be Alive (The Original),Disco,Pop,0.85,0.9,exuberant,1979,1970s,"celebration of life, dancing, freedom",0.05,False,-0.43543398748076745
"Top 70, 80 e 90",7fucApTTbuLYpLAEdGF4pt,Brother Louie Mix '98 (feat. Eric Singleton) - Radio Edit,Modern Talking,79bxUQsBIXO8nVLB9fYKf7,,Modern Talking 40,https://i.scdn.co/image/ab67616d0000b27329f936c9189b4dad0815d80d,31,204306,Brother Louie Mix '98 (feat. Eric Singleton) - Radio Edit,Modern Talking,Modern Talking 40,Euro-disco,Eurodance,0.8,0.8,energetic,1998,1990s,"love, jealousy, longing",0.1,False,-0.43827091679514574
"Top 70, 80 e 90",5zWZ9iNevP0397xB3jWV2z,Brother Louie,Modern Talking,79bxUQsBIXO8nVLB9fYKf7,,Ready For Romance,https://i.scdn.co/image/ab67616d0000b273be1421122cef4940f500ac06,76,222666,Brother Louie,Modern Talking,Ready For Romance,Euro-disco,Dance-pop,0.8,0.8,energetic,1986,1980s,"love, pleading for affection, jealousy",0.1,False,-0.4386753485952498
"Top 70, 80 e 90",1tmI2GVcGnQzQOheMm1rqo,"You're My Heart, You're My Soul '98",Modern Talking,79bxUQsBIXO8nVLB9fYKf7,,Modern Talking 40,https://i.scdn.co/image/ab67616d0000b27329f936c9189b4dad0815d80d,27,230266,"You're My Heart, You're My Soul '98",Modern Talking,Modern Talking 40,Euro-disco,Eurodance,0.8,0.8,romantic,1998,1990s,"love, devotion, eternal romance",0.1,False,-0.44038246831412875
Top anos 2010,6aqNCrRA7vs7v6QvRpI50t,Dancing On My Own,Robyn,6UE7nl9mha6s8z0wFQFIZ2,,Body Talk,https://i.scdn.co/image/ab67616d0000b2734689597708c1b0b3dcb9ecaf,64,285853,Dancing On My Own,Robyn,Body Talk,Pop,Synth-Pop,0.8,0.8,Melancholic,2010,2010s,"Heartbreak, loneliness, watching a former lover with someone new, dancing through pain",0.05,False,-0.4485144230047415
"Top 70, 80 e 90",3zjZaGqcepRo80Btq4C1x0,I've Been Thinking About You,Londonbeat,0gcMPgunYh4rX1UOdvZKBn,,Best! The Singles,https://i.scdn.co/image/ab67616d0000b273d50ba91839153099eca6c043,0,229773,I've Been Thinking About You,Londonbeat,Best! The Singles,Dance-pop,R&B,0.8,0.8,joyful,1990,1990s,"love, longing, constant thoughts of a beloved",0.05,False,-0.45026333246030736
Top anos 2010,61s24wRVyG7NP9m7EjdDKL,Don’t Stop The Party,Black Eyed Peas,1yxSLGMDHlW21z4YXirZDS,,The Beginning,https://i.scdn.co/image/ab67616d0000b2739efc623f9c64c8efb583b186,65,367413,Don’t Stop The Party,Black Eyed Peas,The Beginning,Electronic,Dance-Pop,0.9,0.9500000000000001,Energetic,2010,2010s,"Non-stop partying, dancing, living it up, enjoying the club scene",0.05,True,-0.45129749539379516
Top anos 2010,5FTCKvxzqy72ceS4Ujux4N,What's My Name?,Rihanna,5pKCCKE2ajJHZ9KAiaK11H,,Loud,https://i.scdn.co/image/ab67616d0000b2732ed326786e4c61c6b1dbf222,67,263173,What's My Name?,Rihanna,Loud,Pop,Dance-Pop,0.8,0.8,Romantic,2010,2010s,"Passionate love, wanting a lover to fully embrace and remember their connection, sexual desire",0.05,True,-0.4539215157819192
Top anos 2000,6AgLck54Q7UMolf5WASUEx,Rindo À Toa,Falamansa,6uTK3YD9CT3pLx2yEfVmXk,,Deixa Entrar...,https://i.scdn.co/image/ab67616d0000b273c523bdcbc4495cf144ccac36,59,219973,Rindo À Toa,Falamansa,Deixa Entrar...,Forró,Xote,0.8,0.75,joyful,2000,2000s,"happiness, overcoming struggles, positive attitude",0.0,False,-0.4542697300570964
Top 50 Brasil,280QfKhmWGn3LbyB39aA7u,Cópia Proibida,Léo Foguete,1DuBkL1pAgaZQHXKPiVr08,,Obrigado Deus,https://i.scdn.co/image/ab67616d0000b273410c1c50cd048f96f817a12d,80,159480,Cópia Proibida,Léo Foguete,Obrigado Deus,Funk,Funk Consciente,0.8,0.75,"Confident, assertive, celebratory",2023,2020s,"Originality, authenticity, street life, success",0.1,True,-0.46884143792912275
Top 50 Brasil,4Lwm0XFseZ09OBdmUJlcYp,SEQUÊNCIA FEITICEIRA,PEDRO SAMPAIO,5wbf52LA6kcaboHSN6NEF1,,SEQUÊNCIA FEITICEIRA,https://i.scdn.co/image/ab67616d0000b2734c3c2f4f8dd2ea2b6ca8a0b0,85,129692,SEQUÊNCIA FEITICEIRA,PEDRO SAMPAIO,SEQUÊNCIA FEITICEIRA,Pop,Funk Pop,0.88,0.9,"Energetic, party, dance",2023,2020s,"Dance, party, sensuality, attraction",0.07,False,-0.47112430913545966
Top 50 Brasil,4l2Fyw7EYB5XjcKwqcwuHQ,Tô na Brasilia com o Zigão,DJ Zigão,7t0BSQtRRdLyO3VseiGBBy,,Tô na Brasilia com o Zigão,https://i.scdn.co/image/ab67616d0000b2730016df79925e37aa15afee93,78,155307,Tô na Brasilia com o Zigão,DJ Zigão,Tô na Brasilia com o Zigão,Funk,Funk Proibidão,0.88,0.9,"Energetic, confident, rebellious",2023,2020s,"Car culture, street life, confidence",0.08,True,-0.47173996870525337
Top anos 2010,6GgPsuz0HEO0nrO2T0QhDv,No Hands (feat. Roscoe Dash & Wale),Waka Flocka Flame,6f4XkbvYlXMH0QgVRzW0sM,,No Hands (feat. Roscoe Dash & Wale),https://i.scdn.co/image/ab67616d0000b27315dd715a4eb3a0203c35538d,58,263773,No Hands (feat. Roscoe Dash & Wale),Waka Flocka Flame,No Hands (feat. Roscoe Dash & Wale),Hip Hop,Trap/Dirty South,0.81,0.7000000000000001,"party, confident",2010,2010s,"Clube, dança, gasto de dinheiro",0.0,True,-0.47200208092907525
Top 50 Brasil,6pOSgZYfI73XOsjjZqrIUf,Bandido problemático,Dj Gustomares,1o1YHZFva6RI2Ve7kjgRzn,,Bandido problemático,https://i.scdn.co/image/ab67616d0000b2737850bea15a846f389f3bd9e8,73,162461,Bandido problemático,Dj Gustomares,Bandido problemático,Funk,Funk Proibidão,0.9,0.92,"Energetic, confident, rebellious, assertive",2023,2020s,"Street life, bad boy image, attraction, party",0.08,True,-0.47488534541304855
Top anos 2000,4r8lRYnoOGdEi6YyI5OC1o,Bye Bye Bye,*NSYNC,6Ff53KvcvAj5U7Z1vojB5o,,No Strings Attached,https://i.scdn.co/image/ab67616d0000b273fceb9d92981970dbeea23257,70,200560,Bye Bye Bye,*NSYNC,No Strings Attached,Pop,"Teen Pop, Dance-Pop",0.85,0.85,"Energetic, defiant, confident",2000,2000s,"Breaking up, moving on from a toxic relationship",0.1,False,-0.47537283040778266
Top 50 Brasil,4SjcIkVc4cvFgURD1EHxDM,Eu Me Apaixonei,Vitinho Imperador,6xrc4RXcso9uKlYWlIANPU,,Eu Me Apaixonei,https://i.scdn.co/image/ab67616d0000b273781def2b7594a2cd1bf123b7,84,205714,Eu Me Apaixonei,Vitinho Imperador,Eu Me Apaixonei,Forró,Piseiro,0.8,0.75,"Romantic, lively, passionate",2023,2020s,"Love, falling in love, relationship",0.09,False,-0.47686774104013396
Top anos 2010,3kSuigMCaMtyHXcMs1vbg8,Kickstarts,Example,6Vh6UDWfu9PUSXSzAaB3CW,,Won't Go Quietly,https://i.scdn.co/image/ab67616d0000b2733082ac1d91c56fb0e2908475,63,181826,Kickstarts,Example,Won't Go Quietly,Electronic,Electro House,0.85,0.85,Energetic,2010,2010s,"Confidence, seizing the moment, overcoming self-doubt, getting a 'kickstart' in life/love",0.05,False,-0.47890575431762417
Top 50 Brasil,2gLUZtZN1gfercLP9guft3,"Desliza (""Ólhinho"" No Corpinho)",Léo Santana,7KVJCU4z5L4EUHILL8aMxR,,"Desliza (""Ólhinho"" No Corpinho)",https://i.scdn.co/image/ab67616d0000b273ffcea6aa61b3e4aea9ff120c,79,146560,"Desliza (""Ólhinho"" No Corpinho)",Léo Santana,"Desliza (""Ólhinho"" No Corpinho)",Axé/Pagode,Pagodão Baiano/Funk,0.9,0.9,"party, playful",2025,2020s,"Dança, sensualidade, paquera",0.1,True,-0.4884093782596713
Top 50 Brasil,34qZBae134zVLUgZUeYHIc,Senta Poca,MC Meno K,1CbQrKvCpEnekM3QMGJtXK,,Senta Poca,https://i.scdn.co/image/ab67616d0000b273cb8b94a6f5f7ddeb2ecf718e,61,219230,Senta Poca,MC Meno K,Senta Poca,Funk,Funk Mandelão,0.9,0.9,"Energetic, sensual, party, confident",2023,2020s,"Dance, sensuality, party, explicit actions",0.08,True,-0.4924946314784561
Top 50 Brasil,2GylVVMD21R4SqgAt8gGC5,Eu Vou na Sua Casa,Felipe Amorim,3CIIaeZuFYrAD6PRVyuO4U,,RomantiDog,https://i.scdn.co/image/ab67616d0000b273319b9c051f2be1926e3f7076,81,179039,Eu Vou na Sua Casa,Felipe Amorim,RomantiDog,Forró,Piseiro,0.8200000000000001,0.78,"Energetic, lively, playful, romantic",2023,2020s,"Pursuit of love, reconciliation, persistence",0.09,False,-0.4954929351215288
Top anos 2010,4356Typ82hUiFAynbLYbPn,DJ Got Us Fallin' In Love (feat. Pitbull),USHER,23zg3TcAtWQy7J6upgbUnj,,Raymond v Raymond (Expanded Edition),https://i.scdn.co/image/ab67616d0000b27386b0c9728ad3ed338eaeea79,83,220800,DJ Got Us Fallin' In Love (feat. Pitbull),USHER,Raymond v Raymond (Expanded Edition),Pop,Dance-Pop,0.9,0.9,Energetic,2010,2010s,"Falling in love on the dance floor, party atmosphere, connection through music",0.05,False,-0.4966360184655866
Top anos 2010,7vWFaMq63AwkFDhS2OAg5u,The Time (Dirty Bit),Black Eyed Peas,1yxSLGMDHlW21z4YXirZDS,,The Beginning (Deluxe),https://i.scdn.co/image/ab67616d0000b2734cb6f9960e9b5bce7e1babc0,72,307640,The Time (Dirty Bit),Black Eyed Peas,The Beginning (Deluxe),Pop,Dance-Pop,0.9,0.9,Energetic,2010,2010s,"Partying, living in the moment, dancing, celebrating",0.05,False,-0.4976548331259697
Top 50 Brasil,5Nj2UVsxXAvhfYNpcre3al,FAMOSINHA,Dj Caio Vieira,4Kv35Xnw1ODjO2nIHLhdBY,,FAMOSINHA,https://i.scdn.co/image/ab67616d0000b273a9a95c2c1cdf65c0225be992,84,133384,FAMOSINHA,Dj Caio Vieira,FAMOSINHA,Funk,Brega Funk,0.87,0.85,"Energetic, party, confident",2023,2020s,"Social status, attraction, party, dance",0.1,True,-0.4988201638813008
Top 50 Brasil,5foViOTHRbErvRNf3VQ3rs,Ninguém Pode Saber,CountryBeat,5IREutgMnyQqRcc8r15gWk,,Ninguém Pode Saber,https://i.scdn.co/image/ab67616d0000b27361baa49c6378887390cbbb0f,66,154956,Ninguém Pode Saber,CountryBeat,Ninguém Pode Saber,Forró,Piseiro,0.8300000000000001,0.78,"Energetic, confident, secretive, romantic",2023,2020s,"Secret love, forbidden romance, passion",0.1,False,-0.5054534506306096
Top 50 Mundo,4G7bbgD2DHORU4frrWoCXp,Posso Até Não Te Dar Flores,DJ Japa NK,1bpnl8qbR9GxmiNlkEufW6,,Posso Até Não Te Dar Flores,https://i.scdn.co/image/ab67616d0000b27398b4089e9c90ec28ab04d70c,86,158769,Posso Até Não Te Dar Flores,DJ Japa NK,Posso Até Não Te Dar Flores,Electronic,Funk Carioca/Bregafunk,0.9,0.88,"sexy, danceable",2024,2020s,"Romance, declaração de amor com condição",0.1,True,-0.5065945825842276
Top 50 Brasil,4G7bbgD2DHORU4frrWoCXp,Posso Até Não Te Dar Flores,DJ Japa NK,1bpnl8qbR9GxmiNlkEufW6,,Posso Até Não Te Dar Flores,https://i.scdn.co/image/ab67616d0000b27398b4089e9c90ec28ab04d70c,86,158769,Posso Até Não Te Dar Flores,DJ Japa NK,Posso Até Não Te Dar Flores,Electronic,Funk Carioca/Bregafunk,0.9,0.88,"sexy, danceable",2024,2020s,"Romance, declaração de amor com condição",0.1,True,-0.5065945825842276
Top 50 Brasil,4ATO632UaFTJltxCbfBpHI,ME POSTOU NO DAILY - FESTA DO BIG G,MC GP,5s27i7oqhNWIcE4HeoVdq0,,ME POSTOU NO DAILY - FESTA DO BIG G,https://i.scdn.co/image/ab67616d0000b2732a910aca6aa72b55ceee37f8,83,177230,ME POSTOU NO DAILY - FESTA DO BIG G,MC GP,ME POSTOU NO DAILY - FESTA DO BIG G,Funk,Funk Paulistano,0.85,0.8,"Energetic, party, confident",2023,2020s,"Social media, party, dance, attraction",0.1,True,-0.5165346059810952
Top 50 Brasil,6OPfBo0J6yqzSY9WxNlbA5,Valentino,MC Willian,5eJi7nckPalxu8R7AAyfuO,,Valentino,https://i.scdn.co/image/ab67616d0000b2735b3aec5b060c124f3624baaf,77,157033,Valentino,MC Willian,Valentino,Funk,Funk Ostentação,0.85,0.8,"Confident, luxurious, assertive",2023,2020s,"Luxury brands, wealth, success, attraction",0.1,True,-0.5202606726933581
"Top 70, 80 e 90",6UGlSlhwl2MNhsrg5Wepq3,Genius Of Love,Tom Tom Club,1m24736Bdew1oQVxTePOCo,,Tom Tom Club - Deluxe Edition,https://i.scdn.co/image/ab67616d0000b2738b5f0b7e4f583a25583f2003,52,339053,Genius Of Love,Tom Tom Club,Tom Tom Club - Deluxe Edition,New Wave,Dance-Pop,0.85,0.8,Playful,1981,1980s,"Celebration of music, creativity, love",0.05,False,-0.5313857471925643
"Top 70, 80 e 90",2oiSpddGUSZ4626Gr8H3Cl,D.I.S.C.O - English Version,Ottawan,4FPjAd9hBB9iaiq8qCkNf7,,The Best Of,https://i.scdn.co/image/ab67616d0000b27312a44579b609735a5c22adb0,0,196506,D.I.S.C.O - English Version,Ottawan,The Best Of,Disco,Euro-Disco,0.85,0.8,Joyful,1979,1970s,"Celebration of dance, attraction",0.05,False,-0.5316991268193545
Top anos 2010,60jzFy6Nn4M0iD1d94oteF,Rude Boy,Rihanna,5pKCCKE2ajJHZ9KAiaK11H,,Rated R,https://i.scdn.co/image/ab67616d0000b273ab647295c0c97446c1f1a3b5,78,222920,Rude Boy,Rihanna,Rated R,Pop,Dancehall,0.85,0.8,Confident,2009,2000s,"Flirting, challenging a potential lover, demanding respect and attention in a relationship",0.05,True,-0.5316991268193545
Top anos 2000,35zGjsxI020C2NPKp2fzS7,It's Gonna Be Me,*NSYNC,6Ff53KvcvAj5U7Z1vojB5o,,No Strings Attached,https://i.scdn.co/image/ab67616d0000b273fceb9d92981970dbeea23257,58,191040,It's Gonna Be Me,*NSYNC,No Strings Attached,Pop,"Teen Pop, Dance-Pop",0.85,0.78,"Confident, romantic, assertive",2000,2000s,"Persuasion, confidence in winning someone's heart",0.1,False,-0.5333770781358722
Top anos 2000,7DF3DTFQP8xUrOKxMA6ScP,Agamamou - Ao Vivo,Art Popular,6YMWV5AeYoZymMMDonMfsA,,Acústico Art Popular (Remasterizado / Ao Vivo),https://i.scdn.co/image/ab67616d0000b273b12a135a1c69f118700e1eff,41,272597,Agamamou - Ao Vivo,Art Popular,Acústico Art Popular (Remasterizado / Ao Vivo),Pagode,Samba-Pagode,0.85,0.75,"Joyful, celebratory, romantic",2000,2000s,"Love, romance, praise for a loved one",0.1,False,-0.5434413079726892
Top anos 2000,3WkibOpDF7cQ5xntM1epyf,It Wasn't Me,Shaggy,5EvFsr3kj42KNv97ZEnqij,,Hot Shot,https://i.scdn.co/image/ab67616d0000b2739449f9491c364d28a9668e17,80,227600,It Wasn't Me,Shaggy,Hot Shot,Reggae,"Dancehall, Reggae Fusion",0.85,0.75,"Playful, humorous, catchy",2000,2000s,"Infidelity, denial, humorous advice on cheating",0.1,True,-0.5434556717429805
Top anos 2000,5Mmk2ii6laakqfeCT7OnVD,Thong Song,Sisqo,6x9QLdzo6eBZxJ1bHsDkjg,,Unleash The Dragon,https://i.scdn.co/image/ab67616d0000b273227393028d2b83ced8e74d9b,72,253733,Thong Song,Sisqo,Unleash The Dragon,R&B,"Contemporary R&B, Crunk&B",0.88,0.78,"Playful, party, sensual",1999,1990s,"Admiration of women, fashion, partying",0.1,True,-0.5631035668435186
Top anos 2010,61LtVmmkGr8P9I2tSPvdpf,Teach Me How to Dougie,Cali Swag District,1EeArivTpzLNCqubV95255,,The Kickback,https://i.scdn.co/image/ab67616d0000b27307106a8eea0f16ba81392b2d,71,237480,Teach Me How to Dougie,Cali Swag District,The Kickback,Hip Hop,Party Rap,0.9,0.8,Energetic,2010,2010s,"Instructions for a dance, swagger, feeling cool and unique",0.05,False,-0.571807088970262
Top 50 Mundo,7J1uxwnxfQLu4APicE5Rnj,Billie Jean,Michael Jackson,3fMbdgg4jU18AjLCKBhRSm,,Thriller,https://i.scdn.co/image/ab67616d0000b273de437d960dda1ac0a3586d97,85,294226,Billie Jean,Michael Jackson,Thriller,Pop,R&B/Post-Disco,0.92,0.75,"suspenseful, driving",1982,1980s,"Paternidade negada, paranoia",0.01,False,-0.6034872500685374
